Query,Result
kl rahul,"## 🏏 EXECUTIVE INTELLIGENCE REPORT: KL RAHUL

### 🚨 PLAYER STATUS & FITNESS IMPACT FLAG
- **Status:** Active
- **Issue:** Right quadricep tendon tear (126 days)
- **Risk:** Cleared. Workload management required.

### 📈 NET SESSION FORM TRENDS
- **Volume:** 156 balls across 3 sessions.
- **Pace:** Stabilized at ~140.8 km/h.
- **Control:** Line/Length accuracy at 70.8%.

### 🎯 MATCHUP SIMULATION PROFILE
- **Profile Index:** Player shows dynamic performance probability against standard archetypes.
- **Next Appearance:** High probability of executing primary role metrics based on current form.

### 📊 HISTORICAL BASELINE CONTEXT
- **Batting:** 4689 runs @ 131.1 SR.

"
