identifier,key_cricinfo,unique_name,name,born,bat_style,bowl_style,field_pos
48fd7349,5939,MEK Hussey,Michael Edward Killeen Hussey,"May 27, 1975, Mt Lawley, Perth, Western Australia",Left hand Bat,Right arm Medium, 
eaa76d3c,1076713,C Green,Cameron Donald Green,"June 03, 1999",Right hand Bat,Right arm Fast medium, 
9fc0ef64,279545,PJ Sangwan,Pradeep Jaibeer Sangwan,"November 05, 1990, Rasiwas, Delhi",Right hand Bat,Left arm Medium, 
ce820073,438362,Sandeep Sharma,Sandeep Sharma,"May 18, 1993, Patiala, Punjab",Right hand Bat,Right arm Medium, 
5f26df4f,31738,VS Malik,Vikramjeet Singh Malik,"May 09, 1983, Vishakapatnam (Andhra)",Right hand Bat,Right arm Medium, 
bd54eef5,1048813,N Jagadeesan,Narayan Jagadeesan,"December 24, 1995, Coimbatore, Tamil Nadu",Right hand Bat, ,Wicketkeeper
dded65e7,279554,IR Jaggi,Ishank Rajiv Jaggi,"January 27, 1989, Bacheli",Right hand Bat,Legbreak Googly, 
acee4cc4,40618,Imran Tahir,Mohammad Imran Tahir,"March 27, 1979, Lahore, Punjab",Right hand Bat,Legbreak Googly, 
662c47a6,317786,Y Nagar,Yogesh Nagar,"January 06, 1990, Wazirabad, Delhi",Right hand Bat,Right arm Offbreak, 
df5a6881,379140,DP Conway,Devon Philip Conway,"July 08, 1991, Johannesburg, Transvaal",Left hand Bat,Right arm Medium,Occasional Wicketkeeper
ff1e68fa,477069,B Indrajith,Baba Indrajith,"July 08, 1994, Madras (now Chennai), Tamil Nadu",Right hand Bat,Legbreak Googly, 
f834dcfc,542023,L Ngidi,Lungisani True-man Ngidi,"March 29, 1996, Durban, Natal",Right hand Bat,Right arm Fast medium, 
f21043a5,300631,MDKJ Perera,Mathurage Don Kusal Janith Perera,"August 17, 1990, Kalubowila",Left hand Bat, ,Wicketkeeper
88fccd6c,46774,SM Pollock,Shaun Maclean Pollock,"July 16, 1973, Port Elizabeth, Cape Province",Right hand Bat,Right arm Fast medium, 
25f7b7d6,877051,T Banton,Tom Banton,"November 11, 1998, Chiltern, Buckinghamshire",Right hand Bat, ,Wicketkeeper
54e52590,777815,Vijaykumar Vyshak,Vijaykumar Vyshak,"January 31, 1997, Bangalore, Karnataka",Right hand Bat,Right arm Medium, 
aa5d8c9e,1081183,A Tomar,Abhijeet Tomar,"March 14, 1995, Jaipur, Rajasthan",Right hand Bat,Right arm Offbreak, 
012829ff,228622,JW Hastings,John Wayne Hastings,"November 04, 1985, Penrith, New South Wales",Right hand Bat,Right arm Fast medium, 
eea6b7f1,37000,SP Fleming,Stephen Paul Fleming,"April 01, 1973, Christchurch, Canterbury",Left hand Bat, , 
5f547c8b,793463,Rashid Khan,Rashid Khan Arman,"September 20, 1998, Nangarhar",Right hand Bat,Legbreak Googly, 
77b1aa15,1312645,Harshit Rana,Harshit Pradeep Rana,"December 22, 2001, New Delhi",Right hand Bat,Right arm Fast, 
d7c6af50,38710,DL Vettori,Daniel Luca Vettori,"January 27, 1979, Auckland",Left hand Bat,Slow Left arm Orthodox, 
e62dd25d,550215,K Rabada,Kagiso Rabada,"May 25, 1995, Johannesburg",Left hand Bat,Right arm Fast, 
8ac93ca2,500135,P Chopra,Prashant Chopra,"October 07, 1992, Solan, Himachal Pradesh",Right hand Bat,Legbreak Googly,Occasional Wicketkeeper
ffe699c0,288992,CJ Jordan,Christopher James Jordan,"October 04, 1988, Barbados",Right hand Bat,Right arm Fast medium, 
b0f2baf4,1132219,Sanvir Singh,Sanvir Singh,"October 12, 1996, Ludhiana, Punjab",Right hand Bat,Right arm Medium, 
1efb8a28,4498,AC Blizzard,Aiden Craig Blizzard,"June 27, 1984, Shepparton, Victoria",Left hand Bat,Left arm Medium, 
bb18be76,8166,SK Warne,Shane Keith Warne,"September 13, 1969, Ferntree Gully, Victoria",Right hand Bat,Legbreak Googly, 
030f3089,1206495,K Yadav,Kuldip Yadav,"October 15, 1996",Left hand Bat,Left arm Fast medium, 
c03c6200,53115,DJG Sammy,Daren Julius Garvey Sammy,"December 20, 1983, Micoud, St Lucia",Right hand Bat,Right arm Medium, 
f088b960,642525,SN Khan,Sarfaraz Naushad Khan,"October 22, 1997, Mumbai",Right hand Bat,Legbreak, 
6834d1f2,533042,B Stanlake,Billy James Stanlake,"November 04, 1994, Hervey Bay, Australia",Left hand Bat,Right arm Fast, 
c03f1114,30045,KD Karthik,Krishnakumar Dinesh Karthik,"June 01, 1985, Madras (now Chennai), Tamil Nadu",Right hand Bat,Right arm Offbreak,Wicketkeeper
3fb19989,311592,MA Starc,Mitchell Aaron Starc,"January 30, 1990, Baulkham Hills, Sydney, New South Wales",Left hand Bat,Left arm Fast, 
670709ec,29725,SB Joshi,Sunil Bandacharya Joshi,"June 06, 1970, Gadag, Karnataka",Left hand Bat,Slow Left arm Orthodox, 
f846de6a,52983,MN Samuels,Marlon Nathaniel Samuels,"February 05, 1981, Kingston, Jamaica",Right hand Bat,Right arm Offbreak, 
33cb3411,43652,Younis Khan,Mohammad Younis Khan,"November 29, 1977, Mardan, North-West Frontier Province (now Khyber Pakhtunkhwa)",Right hand Bat,"Right arm Medium, Legbreak", 
9a0146b3,34155,P Sahu,Pardeep Sahu,"August 21, 1985, Bhiwani",Right hand Bat,Legbreak Googly, 
60500956,1201520,RV Patel,Ripal Vinubhai Patel,"September 28, 1995, Nadiad",Right hand Bat,Right arm Medium fast, 
f0f628c7,32965,MM Patel,Munaf Musa Patel,"July 12, 1983, Ikhar, Gujarat",Right hand Bat,Right arm Medium fast, 
7050a1e7,328163,DB Das,Debabrata Baidya Das,"September 22, 1986, Siliguri, Bengal",Right hand Bat,Legbreak Googly, 
4885bbe6,1206052,Yudhvir Singh,Yudhvir Singh Charak,"September 13, 1997, Jammu",Right hand Bat,Right arm Medium fast, 
d2d4bb0a,4292,TR Birt,Travis Rodney Birt,"December 09, 1981, Sale, Victoria",Left hand Bat,Right arm Medium,Occasional Wicketkeeper
e4cdf230,1079839,AS Roy,Anukul Sudhakar Roy,"November 30, 1998, Saraikela Kharswan, Jharkhand",Left hand Bat,Slow Left arm Orthodox, 
94eac556,6903,CJ McKay,Clinton James McKay,"February 20, 1983, Melbourne, Victoria",Right hand Bat,Right arm Fast medium, 
75de770f,55805,T Taibu,Tatenda Taibu,"May 14, 1983, Harare",Right hand Bat,Right arm Medium,Wicketkeeper
7c390b03,279460,RA Shaikh,Rahil Akhil Ahmed Shaikh,"June 12, 1985",Left hand Bat,Left arm Medium, 
7dcb9bc9,719719,M Shahrukh Khan,Masood Shahrukh Khan,"May 27, 1995, Chennai, Tamil Nadu",Right hand Bat,Right arm Offbreak, 
85e0cf10,917159,M Prasidh Krishna,Muralikrishna Prasidh Krishna,"February 19, 1996, Bangalore, Karnataka",Right hand Bat,Right arm Fast medium, 
c8179c68,29655,SB Jakati,Shadab Bashir Jakati,"November 27, 1980, Vasco da Gama, Goa",Left hand Bat,Slow Left arm Orthodox, 
be869ccf,643433,GHS Garton,George Henry Simmons Garton,"April 15, 1997, Brighton, Sussex",Left hand Bat,Left arm Fast, 
fe11caa6,279810,WP Saha,Wriddhiman Prasanta Saha,"October 24, 1984, Shaktigarh, Siliguri, Bengal, India",Right hand Bat, ,Wicketkeeper
16605a1b,422106,AA Kazi,Abrar Anjum Kazi,"September 29, 1989, Bangalore, Karnataka",Left hand Bat,Slow Left arm Orthodox, 
14f96089,379504,A Zampa,Adam Zampa,"March 31, 1992, Shellharbour, New South Wales",Right hand Bat,Legbreak Googly, 
3d8feaf8,272450,MR Marsh,Mitchell Ross Marsh,"October 20, 1991, Attadale, Perth",Right hand Bat,Right arm Medium, 
0404d43c,536936,Liton Das,Litton Kumer Das,"October 13, 1994, Dinajpur",Right hand Bat,Right arm Offbreak,Wicketkeeper
ada15e88,334337,PSP Handscomb,Peter Stephen Patrick Handscomb,"April 26, 1991, Melbourne, Victoria",Right hand Bat, ,Wicketkeeper
d2a989fc,277955,DS Kulkarni,Dhawal Sunil Kulkarni,"December 10, 1988, Bombay (now Mumbai), Maharashtra",Right hand Bat,Right arm Medium, 
c3c92b42,1175429,RS Hangargekar,Rajvardhan S Hangargekar,"November 10, 2002, Tuljapur, Maharashtra",Right hand Bat,Right arm Fast medium, 
dec8e038,223642,J Theron,Juan Theron,"July 24, 1985, Potchefstroom",Right hand Bat,Right arm Medium fast, 
0bf15e52,422847,Harmeet Singh (2),Harmeet Singh,"September 07, 1992, Mumbai",Left hand Bat,Slow Left arm Orthodox, 
dcce6f09,219889,DA Warner,David Andrew Warner,"October 27, 1986, Paddington, New South Wales",Left hand Bat,Legbreak, 
d9273ee7,325012,MP Stoinis,Marcus Peter Stoinis,"August 16, 1989, Perth",Right hand Bat,Right arm Medium, 
e798611a,43906,HM Amla,Hashim Mahomed Amla,"March 31, 1983, Durban, Natal",Right hand Bat,"Right arm Medium, Right arm Offbreak", 
aaa1b522,34281,TL Suman,Tirumalasetti Laxminarayana Suman,"December 15, 1983, Hyderabad, Andhra Pradesh",Right hand Bat,Right arm Offbreak, 
740742ef,34102,RG Sharma,Rohit Gurunath Sharma,"April 30, 1987, Bansod, Nagpur, Maharashtra",Right hand Bat,Right arm Offbreak, 
1c2a64cd,389605,A Ashish Reddy,Ammana Ashish Reddy,"February 24, 1991, Secunderabad",Right hand Bat,Right arm Medium, 
3d7e087f,35353,SK Trivedi,Siddharth Kishorkumar Trivedi,"September 04, 1982, Ahmedabad, Gujarat",Right hand Bat,Right arm Medium, 
287686fd,32084,S Narwal,Sumit Narwal,"April 16, 1982, Chirao, Karnal, Haryana",Left hand Bat,Right arm Medium, 
5451a2c1,27685,B Chipli,Bharat Chipli,"January 27, 1983, Sagar, Shivmoga, Karantaka",Right hand Bat,Right arm Medium, 
39a2dfa8,423838,R Tewatia,Rahul Tewatia,"May 20, 1993, Sihi, Haryana",Left hand Bat,Legbreak, 
facb9086,337916,SD Chitnis,Siddharth Dilip Chitnis,"May 06, 1987, Bombay (now Mumbai), Maharashtra",Right hand Bat,Right arm Offbreak, 
c5aef772,677077,R Shepherd,Romario Shepherd,"November 26, 1994, Guyana",Right hand Bat,Right arm Fast medium, 
bcce309e,50804,WPUJC Vaas,Warnakulasuriya Patabendige Ushantha Joseph Chaminda Vaas,"January 27, 1974, Mattumagala",Left hand Bat,Left arm Fast medium, 
0af3426f,279862,SS Mundhe,Shrikant Shrihari Mundhe,"October 27, 1988, Nanded",Right hand Bat,Right arm Medium, 
30e37810,35282,Sunny Singh,Sunny Singh,"December 18, 1986, Bhiwani",Right hand Bat,Right arm Medium fast, 
ee3dfa89,271315,Sunny Gupta,Sunny Gupta,"September 27, 1988, Jamshedpur, Bihar",Right hand Bat,Right arm Offbreak, 
13c35c9e,232364,TG Southee,Timothy Grant Southee,"December 11, 1988, Whangarei, Northland",Right hand Bat,Right arm Medium fast, 
ea0cdc12,268739,BAW Mendis,Balapuwaduge Ajantha Winslow Mendis,"March 11, 1985, Moratuwa",Right hand Bat,Right arm Offbreak, 
2e11c706,230371,BCJ Cutting,Benjamin Colin James Cutting,"January 30, 1987, Sunnybank, Brisbane, Queensland",Right hand Bat,Right arm Fast medium, 
b56dc5f7,379927,BE Hendricks,Beuran Eric Hendricks,"June 08, 1990, Louis Leipoldt Hospital, Bellville, Cape Town",Left hand Bat,Left arm Fast medium, 
0264c10e,278482,D Salunkhe,Dinesh Salunkhe,"November 12, 1982, Mumbai",Right hand Bat,Legbreak, 
ae091d39,26782,SA Asnodkar,Swapnil Ashok Asnodkar,"March 29, 1984, Porvorim, Goa, India",Right hand Bat,Right arm Offbreak, 
b9be6507,36110,AS Yadav,Arjun Shivlal Yadav,"December 23, 1981, Palghat (now Palakkad), Kerala",Right hand Bat,Right arm Offbreak, 
d84378a4,29990,M Kaif,Mohammad Kaif,"December 01, 1980, Allahabad, Uttar Pradesh",Right hand Bat,Right arm Offbreak, 
0bacade8,974087,Rahmanullah Gurbaz,Rahmanullah Gurbaz,"November 28, 2001",Right hand Bat, ,Wicketkeeper
034b4b7d,35281,VRV Singh,Vikram Raj Vir Singh,"September 17, 1984, Chandigarh, Punjab, India",Right hand Bat,Right arm Medium fast, 
39086549,1124282,JR Philippe,Joshua Ryan Philippe,"June 01, 1997",Right hand Bat, ,Wicketkeeper
44aac2f0,1148776,Arjun Tendulkar,Arjun Sachin Tendulkar,"September 24, 1999, Mumbai",Left hand Bat,Left arm Medium fast, 
1399b39c,851261,Anmolpreet Singh,Anmolpreet Singh,"March 28, 1998, Patiala, Punjab",Right hand Bat,Right arm Offbreak, 
77255a9e,446763,RA Tripathi,Rahul Ajay Tripathi,"March 02, 1991, Ranchi",Right hand Bat,Right arm Medium, 
c18496e1,35928,Bipul Sharma,Bipul Sharma,"September 28, 1983, Amritsar, Punjab",Left hand Bat,Slow Left arm Orthodox, 
b69e69ed,6938,AA Noffke,Ashley Allan Noffke,"April 30, 1977, Nambour, Queensland",Right hand Bat,Right arm Fast medium, 
d872f52a,4541,LA Carseldine,Lee Andrew Carseldine,"November 17, 1975, Nambour, Queensland",Left hand Bat,Left arm Medium, 
2728e7e9,28160,P Dogra,Paras Dogra,"November 19, 1984, Palampur, Himachal Pradesh",Right hand Bat,Legbreak, 
e0407c01,447439,IC Pandey,Ishwar Chand Pandey,"August 15, 1989, Rewa, Madhya Pradesh",Right hand Bat,Right arm Medium, 
5748e866,7252,TD Paine,Timothy David Paine,"December 08, 1984, Hobart, Tasmania",Right hand Bat,Right arm Medium,Wicketkeeper
1a2676c5,398666,SA Abbott,Sean Anthony Abbott,"February 29, 1992, Windsor, New South Wales",Right hand Bat,Right arm Fast medium, 
244048f6,1125976,Arshdeep Singh,Arshdeep Singh,"February 05, 1999, Guna, Madhya Pradesh",Left hand Bat,Left arm Medium fast, 
4a8a2e3b,28081,MS Dhoni,Mahendra Singh Dhoni,"July 07, 1981, Ranchi, Bihar (now Jharkhand)",Right hand Bat,Right arm Medium,Wicketkeeper
f3171936,5941,BW Hilfenhaus,Benjamin William Hilfenhaus,"March 15, 1983, Ulverstone, Tasmania",Right hand Bat,Right arm Fast medium, 
ff077124,41028,Kamran Akmal,Kamran Akmal,"January 13, 1982, Lahore, Punjab",Right hand Bat, ,Wicketkeeper
c3d1402f,35280,RP Singh,Rudra Pratap Singh,"December 06, 1985, Rae Bareli, Uttar Pradesh",Right hand Bat,Left arm Fast medium, 
1abb78f8,475281,SN Thakur,Shardul Narendra Thakur,"October 16, 1991, Palghar, Maharashtra",Right hand Bat,Right arm Medium, 
4d5a1617,236766,R Bishnoi,Rajesh Bishnoi,"October 08, 1987, Bikaner",Right hand Bat,Right arm Medium fast, 
c69a7b5c,230593,AS Raut,Abhishek Santosh Raut,"March 03, 1987, Jaipur Road, Maharashtra",Right hand Bat,Legbreak Googly, 
bae11797,28830,Y Gnaneswara Rao,Yalaka Gnaneswara Rao,"August 25, 1984, Visakhapatnam, Andhra Pradesh",Right hand Bat,Right arm Medium, 
2ed569a0,1064812,RD Chahar,Rahul Desraj Chahar,"August 04, 1999, Bharaatpur, Rajasthan",Right hand Bat,Legbreak Googly, 
21ac077a,27572,RR Bose,Ranadeb Ranjit Bose,"February 27, 1979, Calcutta (now Kolkata), Bengal",Right hand Bat,Right arm Fast medium, 
529eb9e0,906783,OC McCoy,Obed  Christopher McCoy,"January 04, 1997",Left hand Bat,Left arm Fast medium, 
ee7d0c82,6565,GD McGrath,Glenn Donald McGrath,"February 09, 1970, Dubbo, New South Wales",Right hand Bat,Right arm Fast medium, 
4933f499,272477,JP Behrendorff,Jason Paul Behrendorff,"April 20, 1990, Camden, New South Wales",Right hand Bat,Left arm Fast medium, 
2b6e6dec,5390,AC Gilchrist,Adam Craig Gilchrist,"November 14, 1971, Bellingen, New South Wales",Left hand Bat,Right arm Offbreak,Wicketkeeper
5d9a1a73,272994,R Sharma,Rahul Sharma,"November 30, 1986, Jalandhar",Right hand Bat,Legbreak Googly, 
cedc1d9a,431213,P Suyal,Pawan Shakland Suyal,"October 15, 1989, Paudi, Uttaranchal",Right hand Bat,Left arm Medium, 
531f0278,314622,K Santokie,Krishmar Santokie,"December 20, 1984, Clarendon, Jamaica",Left hand Bat,Left arm Medium, 
9d80c5e1,31872,S Nadeem,Shahbaz Nadeem,"August 12, 1989, Bokaro, Bihar",Right hand Bat,Slow Left arm Orthodox, 
ad9c32a2,236489,DJ Malan,Dawid Johannes Malan,"September 03, 1987, Roehampton, England",Left hand Bat,Legbreak, 
2e9fdf9b,362541,DAJ Bracewell,Douglas Andrew John Bracewell,"September 28, 1990, Tauranga, Bay of Plenty",Right hand Bat,Right arm Fast medium, 
d68e7f48,52912,R Rampaul,Ravindranath Rampaul,"October 15, 1984, Preysal, Trinidad",Left hand Bat,Right arm Fast medium, 
11df3dc8,16406,MJ Lumb,Michael John Lumb,"February 12, 1980, Johannesburg, Transvaal, South Africa",Left hand Bat,Right arm Medium, 
798934ea,28764,C Ganapathy,Chandrasekar Ganapathy,"June 10, 1981",Right hand Bat,Right arm Medium, 
a3ecf01f,34078,RS Sodhi,Reetinder Singh Sodhi,"October 18, 1980, Patiala, Punjab",Right hand Bat,Right arm Medium, 
ed5a5510,777515,P Dubey,Praveen Dubey,"July 01, 1993, Azamgarh, Uttar Pradesh",Right hand Bat,Legbreak Googly, 
bff458c6,26946,AA Bilakhia,Azharuddin Anjum Bilakhia,"May 31, 1986, Mohwa, Bhavnagar, Gujarat",Right hand Bat,Right arm Medium, 
92aeac25,249866,AD Hales,Alexander Daniel Hales,"January 03, 1989, Hillingdon, Middlesex",Right hand Bat,Right arm Medium,Occasional Wicketkeeper
c6097d68,914567,O Thomas,Oshane Romaine Thomas,"February 18, 1997",Left hand Bat,Right arm Fast, 
e249fdaa,27639,A Chopra,Aakash Chopra,"September 19, 1977, Agra, Uttar Pradesh",Right hand Bat,"Right arm Medium, Right arm Offbreak", 
93b4fc78,290630,MK Pandey,Manish Krishnanand Pandey,"September 10, 1989, Nainital, Uttaranchal",Right hand Bat,Right arm Medium, 
86ae8ef2,240734,MB Parmar,Mohnish Bipinbhai Parmar,"April 12, 1988, Gandhinagar, Gujarat",Right hand Bat,Right arm Offbreak, 
0ebfb1ad,431901,E Lewis,Evin Lewis,"December 27, 1991, Port of Spain, Trinidad",Left hand Bat, , 
2cffab74,926851,Mukesh Kumar,Mukesh Kumar,"October 12, 1993, Gopalganj, Bihar",Right hand Bat,Right arm Medium, 
ab89348d,49638,MF Maharoof,Mohamed Farveez Maharoof,"September 07, 1984, Colombo",Right hand Bat,Right arm Fast medium, 
cca50cd6,23460,LJ Wright,Luke James Wright,"March 07, 1985, Grantham, Lincolnshire",Right hand Bat,Right arm Medium, 
70d205c9,33141,AT Rayudu,Ambati Thirupathi Rayudu,"September 23, 1985, Guntur, Andhra Pradesh",Right hand Bat,Right arm Offbreak,Occasional Wicketkeeper
626c5379,33870,R Sathish,Rajagopal Sathish,"January 14, 1981, Trichy (now Tiruchchirappali), Tamil Nadu",Right hand Bat,Right arm Medium, 
26a85969,290727,R Dhawan,Rishi Dhawan,"February 19, 1990, Mandi, Himachal Pradesh",Right hand Bat,Right arm Medium fast, 
27af6414,7547,BJ Rohrer,Ben James Rohrer,"March 26, 1981, Bankstown, New South Wales",Left hand Bat, ,Occasional Wicketkeeper
0184dc35,28114,R Dravid,Rahul Sharad Dravid,"January 11, 1973, Indore, Madhya Pradesh",Right hand Bat,Right arm Offbreak,Occasional Wicketkeeper
8fd1a8f5,47492,DW Steyn,Dale Willem Steyn,"June 27, 1983, Phalaborwa",Right hand Bat,Right arm Fast, 
a1d053dd,495551,SS Cottrell,Sheldon Shane Cottrell,"August 19, 1989, Jamaica",Right hand Bat,Left arm Fast medium, 
c33d8116,1132005,Mohsin Khan (2),Mohsin Khan,"July 15, 1998, Sambhal, Uttar Pradesh",Left hand Bat,Left arm Medium fast, 
64775749,961713,RP Meredith,Riley Patrick Meredith,"June 21, 1996, Hobart, Tasmania",Right hand Bat,Right arm Fast, 
7eae4418,41378,Misbah-ul-Haq,Misbah-ul-Haq Khan Niazi,"May 28, 1974, Mianwali, Punjab",Right hand Bat,Legbreak, 
f842c2cf,4578,MJ Clarke,Michael John Clarke,"April 02, 1981, Liverpool, New South Wales",Right hand Bat,Slow Left arm Orthodox, 
f24ca2ba,32093,C Nanda,Chetanya Nanda,"March 29, 1979, Delhi",Right hand Bat,Legbreak, 
dc4686e6,433410,BA Bhatt,Bhargav Ashok Bhatt,"May 13, 1990, Vadodara, Gujarat",Left hand Bat,Slow Left arm Orthodox, 
e1d1b294,45224,HH Gibbs,Herschelle Herman Gibbs,"February 23, 1974, Green Point, Cape Town, Cape Province",Right hand Bat,Right arm Bowler, 
72861603,47270,GC Smith,Graeme Craig Smith,"February 01, 1981, Johannesburg, Transvaal",Left hand Bat,Right arm Offbreak, 
30a2649b,302208,CM Gautam,Chidhambaram Muralidharen Gautam,"March 08, 1986, Bangalore, Karnataka",Right hand Bat, ,Wicketkeeper
d027ba9f,277906,KS Williamson,Kane Stuart Williamson,"August 08, 1990, Tauranga",Right hand Bat,Right arm Offbreak, 
650d5e49,820351,R Powell,Rovman Powell,"July 23, 1993, Jamaica",Right hand Bat,Right arm Medium fast, 
bbd41817,276298,AD Russell,Andre Dwayne Russell,"April 29, 1988, Jamaica",Right hand Bat,Right arm Fast, 
8e514b4c,1175485,Abdul Samad,Abdul Samad Farooq,"October 28, 2001, Kala Kot, Jammu & Kashmir",Right hand Bat,Legbreak, 
f1f99156,892749,TH David,Timothy Hays David,"March 16, 1996, Singapore",Right hand Bat,Right arm Offbreak, 
b1451597,34019,LR Shukla,Laxmi Ratan Shukla,"May 06, 1981, Howrah (now Haora), Bengal",Right hand Bat,Right arm Medium, 
0f721006,391485,JO Holder,Jason Omar Holder,"November 05, 1991, Barbados",Right hand Bat,Right arm Medium fast, 
260fd380,34264,AM Salvi,Aavishkar Madhav Salvi,"October 20, 1981, Bombay (now Mumbai), Maharashtra",Right hand Bat,Right arm Medium, 
7bf96684,20123,OA Shah,Owais Alam Shah,"October 22, 1978, Karachi, Sind, Pakistan",Right hand Bat,Right arm Offbreak, 
2a2e6343,4864,DT Christian,Daniel Trevor Christian,"May 04, 1983, Camperdown, Sydney, New South Wales",Right hand Bat,Right arm Fast medium, 
9170ff49,378496,Parvez Rasool,Parvez Ghulam Rasool Zargar,"February 13, 1989, Bijbehara, Jammu and Kashmir",Right hand Bat,Right arm Offbreak, 
f4cb4f53,31750,AP Majumdar,Anustup Prabir Majumdar,"April 30, 1984, Chandannagore, Hooghly, Bengal, India",Right hand Bat,Legbreak Googly, 
bb345e0b,28763,G Gambhir,Gautam Gambhir,"October 14, 1981, Delhi",Left hand Bat,Legbreak, 
26e5cabf,35565,MK Tiwary,Manoj Kumar Tiwary,"November 14, 1985, Howrah, Bengal",Right hand Bat,Legbreak Googly, 
1e66c162,390484,JD Unadkat,Jaydev Dipakbhai Unadkat,"October 18, 1991, Porbandar",Right hand Bat,Left arm Medium, 
c7a995d3,1048739,R Sai Kishore,Ravisrinivasan Sai Kishore,"November 06, 1996, Chennai, Tamil Nadu",Left hand Bat,Slow Left arm Orthodox, 
d2340a43,26797,Anand Rajan,Anand Rajan,"April 17, 1987, Nagpur, Maharashtra",Right hand Bat,Right arm Medium, 
d718440b,528967,V Pratap Singh,Veer Pratap Singh,"May 03, 1992, Nalanda, Bihar",Right hand Bat,Right arm Medium, 
4e04666c,35357,YV Takawale,Yogesh Vijay Takawale,"November 05, 1984, Pune, Maharashtra",Right hand Bat, ,Wicketkeeper
50c6bc2b,403902,LS Livingstone,Liam Stephen Livingstone,"August 04, 1993, Barrow-in-Furness, Cumberland",Right hand Bat,"Right arm Offbreak, Legbreak", 
c03e2850,532856,M Vohra,Manan Vohra,"July 18, 1993, Chandigarh, Punjab",Right hand Bat,Right arm Medium, 
b63e358a,642531,RK Bhui,Ricky Kannakumar Bhui,"September 29, 1996, Bhopal, Madhya Pradesh",Right hand Bat,Legbreak Googly, 
7d92277a,974109,Mujeeb Ur Rahman,Mujeeb Ur Rahman,"March 28, 2001, Khost",Right hand Bat,Right arm Offbreak, 
ba6b2f91,1292502,RA Bawa,Raj Angad Bawa,"November 12, 2002, Nahan, Himachal Pradesh",Left hand Bat,Right arm Medium fast, 
dce2019b,44410,F Behardien,Farhaan Behardien,"October 09, 1983, Johannesburg",Right hand Bat,Right arm Fast medium, 
e4a0deae,502714,MJ Santner,Mitchell Josef Santner,"February 05, 1992, Hamilton",Left hand Bat,Slow Left arm Orthodox, 
2503e881,46569,A Nel,Andre Nel,"July 15, 1977, Germiston, Transvaal",Right hand Bat,Right arm Fast medium, 
9a963804,19264,LE Plunkett,Liam Edward Plunkett,"April 06, 1985, Middlesbrough, Yorkshire",Right hand Bat,Right arm Fast, 
6a26221c,600498,AK Markram,Aiden Kyle Markram,"October 04, 1994, Centurion",Right hand Bat,Right arm Offbreak, 
b822e99c,853259,NB Singh,Nathu Bharat Singh,"September 08, 1995, Jaipur",Right hand Bat,Right arm Medium, 
bd77eb62,7702,A Symonds,Andrew Symonds,"June 09, 1975, Birmingham, Warwickshire, England",Right hand Bat,"Right arm Medium, Right arm Offbreak", 
342d8ade,48835,CRD Fernando,Congenige Randhi Dilhara Fernando,"July 19, 1979, Colombo",Right hand Bat,Right arm Fast medium, 
cc1e8c68,376116,UT Yadav,Umeshkumar Tilak Yadav,"October 25, 1987, Nagpur, Maharashtra",Right hand Bat,Right arm Fast, 
0a67aec0,1176959,Akash Deep,Akash Deep,"December 15, 1996, Dehri, (Rotas), Bihar",Right hand Bat,Right arm Fast medium, 
5673a3fc,37749,NL McCullum,Nathan Leslie McCullum,"September 01, 1980, Dunedin, Otago",Right hand Bat,Right arm Offbreak, 
fe93fd9d,234675,RA Jadeja,Ravindrasinh Anirudhsinh Jadeja,"December 06, 1988, Navagam-Khed, Saurashtra",Left hand Bat,Slow Left arm Orthodox, 
a316d663,375126,GC Viljoen,GC Viljoen,"March 06, 1989, Witbank",Right hand Bat,Right arm Fast, 
4c5d73db,247235,CR Woakes,Christopher Roger Woakes,"March 02, 1989, Birmingham, Warwickshire",Right hand Bat,Right arm Fast medium, 
0c9652b0,1175423,HR Shokeen,Hrithik Rakesh Shokeen,"August 14, 2000, Delhi",Right hand Bat,Right arm Offbreak, 
33a364a6,26907,R Bhatia,Rajat Bhatia,"October 22, 1979, Delhi",Right hand Bat,Right arm Medium fast, 
ce4cc4d5,353669,R Ninan,Ryan Ninan,"November 19, 1985, Thiruvananthapuram",Right hand Bat,Right arm Offbreak, 
2a72fd4f,391128,Harmeet Singh,Harmeet Singh Bansal,"October 09, 1987, Jodhpur, Rajasthan",Right hand Bat,Right arm Medium, 
addbde6c,274785,N Saini,Nitin Saini,"October 28, 1988, Rohtak",Right hand Bat, ,Wicketkeeper
44a89551,529436,KS Bharat,Kona Srikar Bharat,"October 03, 1993, Visakhapatnam, Andhra Pradesh",Right hand Bat, ,Wicketkeeper
1ac746c8,1125958,Atharva Taide,Atharva Taide,"April 26, 2000, Akola Maharashtra",Left hand Bat,Slow Left arm Orthodox, 
1b7b0fa7,1252370,Vivrant Sharma,Vivrant Sharma,"October 30, 1999, Jammu, India",Left hand Bat,Legbreak Googly, 
7210d461,1159720,Yash Dayal,Yash Dayal,"December 13, 1997, Allahabad, Uttar Pradesh",Right hand Bat,Left arm Medium fast, 
1647bd37,322535,Karanveer Singh,Karanveer Singh,"November 08, 1987, Chandigarh, Punjab",Right hand Bat,Legbreak Googly, 
b0482a1d,1170265,Tilak Varma,Namboori Thakur Tilak Varma,"November 08, 2002, Hyderabad, Andhra Pradesh",Left hand Bat,Right arm Offbreak, 
bdadf7da,12454,JL Denly,Joseph Liam Denly,"March 16, 1986, Canterbury, Kent",Right hand Bat,Legbreak, 
ce794613,802575,T Natarajan,Thangarasu Natarajan,"April 04, 1991, Salem",Left hand Bat,Left arm Medium, 
709b0bac,35390,SS Tiwary,Saurabh Sunil Tiwary,"December 30, 1989, Jamshedpur, Bihar",Left hand Bat, , 
469ea22b,49535,KMDN Kulasekara,Kulasekara Mudiyanselage Dinesh Nuwan Kulasekara,"July 22, 1982, Nittambuwa",Right hand Bat,Right arm Fast medium, 
2af1b6d2,228430,AN Ahmed,Abu Nechim Ahmed,"November 05, 1988, Guwahati, Assam",Right hand Bat,Right arm Medium fast, 
4ae1755b,911707,HC Brook,Harry Cherrington Brook,"February 22, 1999, Keighley, Yorkshire",Right hand Bat,Right arm Medium, 
b970a03f,6161,M Klinger,Michael Klinger,"July 04, 1980, Kew, Melbourne, Victoria",Right hand Bat, , 
2eeb4370,31104,C Madan,Chandan Madan,"October 15, 1982",Right hand Bat, ,Wicketkeeper
18e6906e,527299,A Choudhary,Aniket Vinod Choudhary,"January 28, 1990, Bikaner, Rajasthan",Right hand Bat,Left arm Medium, 
943fd425,31088,I Malhotra,Ishan Malhotra,"May 23, 1984, Srinagar",Right hand Bat,Right arm Medium fast, 
e38bce7a,326968,MG Bracewell,Michael Gordon Bracewell,"February 14, 1991, Masterton, Wairarapa",Left hand Bat,Right arm Offbreak,Wicketkeeper
45a43fe2,1060380,RD Gaikwad,Ruturaj Dashrat Gaikwad,"January 31, 1997, Pune, Maharashtra",Right hand Bat,Right arm Offbreak, 
7ca5e05d,10582,RS Bopara,Ravinder Singh Bopara,"May 04, 1985, Forest Gate, London",Right hand Bat,Right arm Medium, 
64c34cd0,42657,Shoaib Malik,Shoaib Malik,"February 01, 1982, Sialkot, Punjab",Right hand Bat,Right arm Offbreak, 
8dc152d1,595954,Duan Jansen,Duan Jansen,"May 01, 2000",Right hand Bat,Left arm Fast, 
8d92a2c3,351588,MA Wood,Mark Andrew Wood,"January 11, 1990, Ashington, Northumberland",Right hand Bat,Right arm Fast, 
6aed7e79,587152,PV Tambe,Pravin Vijay Tambe,"October 08, 1971, Bombay (now Mumbai), Maharashtra",Right hand Bat,Legbreak, 
e0351c86,51050,DNT Zoysa,Demuni Nuwan Tharanga Zoysa,"May 13, 1978, Colombo",Left hand Bat,Left arm Fast medium, 
725529bc,28779,SC Ganguly,Sourav Chandidas Ganguly,"July 08, 1972, Calcutta (now Kolkata), Bengal",Left hand Bat,Right arm Medium, 
fa463154,26184,AB Agarkar,Ajit Bhalchandra Agarkar,"December 04, 1977, Bombay (now Mumbai), Maharashtra",Right hand Bat,Right arm Fast, 
57ee1fde,430246,YS Chahal,Yuzvendra Singh Chahal,"July 23, 1990, Jind, Haryana",Right hand Bat,Legbreak Googly, 
68c56d09,625960,KA Jamieson,Kyle Alex Jamieson,"December 30, 1994, Auckland",Right hand Bat,Right arm Fast medium, 
1dc12ab9,33335,SK Raina,Suresh Kumar Raina,"November 27, 1986, Muradnagar, Ghaziabad, Uttar Pradesh",Left hand Bat,Right arm Offbreak, 
57efa3be,38407,SB Styris,Scott Bernard Styris,"July 10, 1975, Brisbane, Queensland, Australia",Right hand Bat,Right arm Medium, 
e03b66ec,41411,Mohammad Asif,Mohammad Asif,"December 20, 1982, Sheikhupura, Punjab",Left hand Bat,Right arm Fast medium, 
f19ccfad,719715,Washington Sundar,Washington Sundar,"October 05, 1999, Chennai, Tamil Nadu",Left hand Bat,Right arm Offbreak, 
05c2ca46,47850,RE van der Merwe,Roelof Erasmus van der Merwe,"December 31, 1984, Johannesburg, Transvaal",Right hand Bat,Slow Left arm Orthodox, 
6afb26d6,31028,MD Mishra,Mohnish Dinesh Mishra,"February 09, 1984, Bhopal, Madhya Pradesh",Right hand Bat,Right arm Offbreak, 
c0c411cb,793447,Naveen-ul-Haq,Naveen-ul-Haq Murid,"September 23, 1999, Kabul",Right hand Bat,Right arm Medium fast, 
4180d897,53191,JE Taylor,Jerome Everton Taylor,"June 22, 1984, St Elizabeth, Jamaica",Right hand Bat,Right arm Fast, 
99d63244,290716,KM Jadhav,Kedar Mahadav Jadhav,"March 26, 1985, Pune, Maharashtra",Right hand Bat,Right arm Offbreak, 
39f01cdb,19296,KP Pietersen,Kevin Peter Pietersen,"June 27, 1980, Pietermaritzburg, Natal",Right hand Bat,Right arm Offbreak, 
e087956b,311158,BA Stokes,Benjamin Andrew Stokes,"June 04, 1991, Christchurch, Canterbury, New Zealand",Left hand Bat,Right arm Fast medium, 
41eb4a4f,35731,R Vinay Kumar,Ranganath Vinay Kumar,"February 12, 1984, Davanagere, Karnataka",Right hand Bat,Right arm Medium, 
26ff4c29,46750,RJ Peterson,Robin John Peterson,"August 04, 1979, Port Elizabeth, Cape Province",Left hand Bat,Slow Left arm Orthodox, 
2461eef2,376109,PA Reddy,Produturi Akshath Reddy,"February 11, 1991, Hyderabad",Right hand Bat,Legbreak, 
26989d80,377534,Shashank Singh,Shashank Singh,"November 21, 1991",Right hand Bat,"Right arm Medium, Right arm Offbreak", 
1c17e270,35582,RV Uthappa,Robin Venu Uthappa,"November 11, 1985, Coorg, Karnataka",Right hand Bat,Right arm Medium,Occasional Wicketkeeper
da934ee8,853265,MK Lomror,Mahipal Krishan Lomror,"November 16, 1999, Nagaur, Rajasthan",Left hand Bat,Slow Left arm Orthodox, 
619aa81f,29646,W Jaffer,Wasim Jaffer,"February 16, 1978, Bombay (now Mumbai), Maharashtra",Right hand Bat,Right arm Offbreak, 
a757b0d8,230559,KA Pollard,Kieron Adrian Pollard,"May 12, 1987, Tacarigua, Trinidad",Right hand Bat,Right arm Medium, 
0890552f,778963,A Manohar,Abhinav Manohar,"September 16, 1994, Bangalore, Karnataka",Right hand Bat,Legbreak Googly, 
d4f9dbd4,32540,CA Pujara,Cheteshwar Arvind Pujara,"January 25, 1988, Rajkot, Gujarat",Right hand Bat,Legbreak, 
b0946605,670031,AS Joseph,Alzarri Shaheim Joseph,"November 20, 1996, Antigua",Right hand Bat,Right arm Fast, 
e9c7f0d0,974175,Fazalhaq Farooqi,Fazalhaq Farooqi,"September 22, 2000, Baghlan",Right hand Bat,Left arm Fast medium, 
acdc62f5,481979,A Nortje,Anrich Arno Nortje,"November 16, 1993",Right hand Bat,Right arm Fast, 
a03bba42,379145,T Shamsi,Tabraiz Shamsi,"February 18, 1990, Johannesburg, Gauteng",Right hand Bat,Left arm Wrist spin, 
508a1ea7,6683,SE Marsh,Shaun Edward Marsh,"July 09, 1983, Narrogin, Western Australia",Left hand Bat,Slow Left arm Orthodox, 
fdcb08c2,35586,A Uniyal,Amit Uniyal,"November 21, 1981, Chandigarh",Left hand Bat,Left arm Medium, 
9418198b,1161024,P Simran Singh,Prabhsimran Singh,"August 10, 2000",Right hand Bat, ,Wicketkeeper
2e78f685,1163695,KR Sen,Kuldeep Rampal Sen,"October 22, 1996, Rewa, Madhya Pradesh",Right hand Bat,Right arm Fast, 
9f961c14,29976,Joginder Sharma,Joginder Sharma,"October 23, 1983, Rohtak",Right hand Bat,Right arm Fast medium, 
3d284ca3,669365,PD Salt,Philip Dean Salt,"August 28, 1996, Bodelwyddan, North Wales",Right hand Bat,Right arm Offbreak,Wicketkeeper
dc9dd038,432783,Sachin Baby,Sachin Baby,"December 18, 1988, Thodupuzha, Kerala",Left hand Bat,Right arm Offbreak, 
844e79d1,1070665,D Brevis,Dewald Brevis,"April 29, 2003, Johannesburg",Right hand Bat,Legbreak, 
d014d5ac,914541,SE Rutherford,Sherfane Eviston Rutherford,"August 15, 1998",Left hand Bat,Right arm Fast medium, 
81c36ee9,696401,M Jansen,Marco Jansen,"May 01, 2000",Right hand Bat,Left arm Medium fast, 
a7c226e1,51782,FH Edwards,Fidel Henderson Edwards,"February 06, 1982, Gays, St Peter, Barbados",Right hand Bat,Right arm Fast, 
32198ae0,5961,MC Henriques,Moises Constantino Henriques,"February 01, 1987, Funchal, Portugal",Right hand Bat,Right arm Fast medium, 
b57f8a9a,5674,BJ Hodge,Bradley John Hodge,"December 29, 1974, Sandringham, Victoria",Right hand Bat,Right arm Offbreak, 
0a4ebc61,45434,T Henderson,Tyron Henderson,"August 01, 1974, Durban, Natal",Right hand Bat,Right arm Fast medium, 
611926bc,17991,GR Napier,Graham Richard Napier,"January 06, 1980, Colchester, Essex",Right hand Bat,Right arm Medium, 
d1c94b25,45963,CK Langeveldt,Charl Kenneth Langeveldt,"December 17, 1974, Stellenbosch, Cape Province",Right hand Bat,Right arm Fast medium, 
b5da6c24,32242,PA Patel,Parthiv Ajay Patel,"March 09, 1985, Ahmedabad, Gujarat",Left hand Bat,Right arm Offbreak,Wicketkeeper
81049310,447587,J Yadav,Jayant Yadav,"January 22, 1990, Delhi",Right hand Bat,Right arm Offbreak, 
b52ffbbd,670013,FA Allen,Fabian Anthony Allen,"May 07, 1995, Kingston, Jamaica",Right hand Bat,Slow Left arm Orthodox, 
5b16a806,574178,A Dananjaya,Mahamarakkala Kurukulasooriya Patabendige Akila Dananjaya Perera,"October 04, 1993, Panadura",Left hand Bat,"Right arm Offbreak, Legbreak", 
9a158001,39024,Azhar Mahmood,Azhar Mahmood Sagar,"February 28, 1975, Rawalpindi, Punjab",Right hand Bat,Right arm Fast medium, 
881a9bdd,51469,S Chanderpaul,Shivnarine Chanderpaul,"August 16, 1974, Unity Village, East Coast, Demerara, Guyana",Left hand Bat,Legbreak, 
efc04be7,1182529,Noor Ahmad,Noor Ahmad Lakanwal,"January 03, 2005",Right hand Bat,Left arm Wrist spin, 
2e171977,554691,AR Patel,Axar Rajeshbhai Patel,"January 20, 1994, Anand, Gujarat",Left hand Bat,Slow Left arm Orthodox, 
af7dadf7,26206,B Akhil,Balachandra Akhil,"October 07, 1977, Bangalore, Karnataka",Right hand Bat,Right arm Medium fast, 
0994d0ae,477021,V Shankar,Vijay Shankar,"January 26, 1991, Tirunelveli, Tamil Nadu",Right hand Bat,Right arm Medium, 
7c503806,44149,J Botha,Johan Botha,"May 02, 1982, Johannesburg, Transvaal",Right hand Bat,Right arm Offbreak, 
c8f5f961,1123073,Anuj Rawat,Anuj Rawat,"October 17, 1999, Ram Nagar, Uttarakhand",Left hand Bat, , 
2bb09eb2,55988,Mohammad Ashraful,Mohammad Ashraful,"July 07, 1984, Dhaka",Right hand Bat,"Right arm Offbreak, Legbreak", 
8d2c70ad,559235,Kuldeep Yadav,Kuldeep Yadav,"December 14, 1994, Kanpur, Uttar Pradesh",Left hand Bat,Left arm Wrist spin, 
dcf81436,326017,S Kaul,Siddarth Kaul,"May 19, 1990, Pathankot, Punjab",Right hand Bat,Right arm Medium, 
ad3b6e95,1277545,Abishek Porel,Abishek Porel,"October 17, 2002",Left hand Bat, ,Wicketkeeper
e84ac20c,506612,MJ Henry,Matthew James Henry,"December 14, 1991, Christchurch, Canterbury",Right hand Bat,Right arm Fast medium, 
4663bd23,625964,TL Seifert,Tim Louis Seifert,"December 14, 1994, Wanganui",Right hand Bat, ,Wicketkeeper
6ef60d3a,391121,Kamran Khan,Kamran Khan,"March 10, 1991, Azamgarh, Uttar Pradesh",Left hand Bat,Left arm Medium fast, 
d3a3e82d,274926,AB Barath,Adrian Boris Barath,"April 14, 1990, Chaguanas, Trinidad",Right hand Bat,Right arm Offbreak, 
4d6d6280,42683,Salman Butt,Salman Butt,"October 07, 1984, Lahore, Punjab",Left hand Bat,Right arm Offbreak, 
605b7efa,390480,MC Juneja,Manprit Charanjit Juneja,"September 12, 1990, Ahmedabad, Gujarat",Right hand Bat,Right arm Offbreak, 
40caa465,331855,T Kohli,Taruwar Sushil Kohli,"December 17, 1988, Jalandhar, Punjab",Right hand Bat,Right arm Medium, 
46a9bea1,822553,TU Deshpande,Tushar Uday Deshpande,"May 15, 1995, Mumbai",Left hand Bat,Right arm Medium, 
f24c6701,1138316,M Theekshana,Morawakage Maheesh Theekshana,"August 01, 2000, Colombo",Right hand Bat,Right arm Offbreak, 
b4b99816,1070173,Shubman Gill,Shubman Gill,"September 08, 1999, Fazilka, Punjab",Right hand Bat,Right arm Offbreak, 
8ba8195d,35263,V Sehwag,Virender Sehwag,"October 20, 1978, Delhi",Right hand Bat,Right arm Offbreak, 
622cc511,30235,U Kaul,Uday Kaul,"December 02, 1987, Kangra, Himachal Pradesh",Left hand Bat, ,Wicketkeeper
6f49cc6e,717201,Shivam Sharma,Shivam Sharma,"September 09, 1993, Delhi",Right hand Bat,Right arm Offbreak, 
44afbf2d,333780,NJ Maddinson,Nicolas James Maddinson,"December 21, 1991, Nowra, New South Wales",Left hand Bat,Slow Left arm Orthodox, 
5574750c,669855,JC Archer,Jofra Chioke Archer,"April 01, 1995, Bridgetown, Barbados",Right hand Bat,Right arm Fast, 
cc777ffa,1287067,Abdul Basith,Pappanayil Abdul Basith,"October 09, 1998, Ernakulam, Kerala",Right hand Bat,Right arm Offbreak, 
7d3937ed,8002,DJ Thornely,Dominic John Thornely,"October 01, 1978, Albury, New South Wales",Right hand Bat,"Right arm Medium, Right arm Offbreak", 
aad0c365,1175496,Nithish Kumar Reddy,Kaki Nitish Kumar Reddy,"May 26, 2003, Visakhapatnam, Andhra Pradesh",Right hand Bat,Right arm Medium fast, 
6c6591ab,32130,PP Ojha,Pragyan Prayash Ojha,"September 05, 1986, Bhubaneswar, Orissa",Left hand Bat,Slow Left arm Orthodox, 
62e07f92,340063,KH Devdhar,Kedar Hemant Devdhar,"December 14, 1989, Baroda (now Vadodara), Gujarat",Right hand Bat, ,Wicketkeeper
c24a2c5d,317784,S Tyagi,Sudeep Tyagi,"September 17, 1987, Ghaziabad, Uttar Pradesh",Right hand Bat,Right arm Medium, 
c740ea83,823703,RM Patidar,Rajat Manohar Patidar,"June 01, 1993, Indore, Madhya Pradesh",Right hand Bat,Right arm Offbreak, 
6b71e6cf,50710,KC Sangakkara,Kumar Chokshanada Sangakkara,"October 27, 1977, Matale",Left hand Bat,Right arm Offbreak,Wicketkeeper
faa7365d,590327,DR Shorey,Dhruv Ranjan Shorey,"June 05, 1992, Delhi",Right hand Bat,Right arm Offbreak, 
0c94f480,446499,UBT Chand,Unmukt Bharat Thakur Chand,"March 26, 1993, Delhi",Right hand Bat,Right arm Offbreak, 
abfeb126,30049,M Kartik,Murali Kartik,"September 11, 1976, Madras (now Chennai), Tamil Nadu",Left hand Bat,Slow Left arm Orthodox, 
9219eff0,355269,JDS Neesham,James Douglas Sheahan Neesham,"September 17, 1990, Auckland",Left hand Bat,Right arm Medium fast, 
d0513f63,8291,CL White,Cameron Leon White,"August 18, 1983, Bairnsdale, Victoria",Right hand Bat,Legbreak Googly, 
21d4e29b,700167,NA Saini,Navdeep Amarjeet Saini,"November 23, 1992, Karnal, Haryana",Right hand Bat,Right arm Fast, 
98ae73b1,32966,PP Chawla,Piyush Pramod Chawla,"December 24, 1988, Aligarh, Uttar Pradesh",Left hand Bat,Legbreak, 
20a941bb,46592,M Ntini,Makhaya Ntini,"July 06, 1977, Mdingi, nr King William's Town, Cape Province",Right hand Bat,Right arm Fast, 
b274dbbd,340841,ER Dwivedi,Eklavya Rakesh Dwivedi,"July 22, 1988, Allahabad",Right hand Bat, ,Wicketkeeper
b0c772ee,5560,BJ Haddin,Bradley James Haddin,"October 23, 1977, Cowra, New South Wales",Right hand Bat, ,Wicketkeeper
7f048519,308251,DJ Willey,David Jonathan Willey,"February 28, 1990, Northampton",Left hand Bat,Left arm Fast medium, 
0dc00542,42639,Shahid Afridi,Sahibzada Mohammad Shahid Khan Afridi,"March 01, 1980, Khyber Agency",Right hand Bat,Legbreak Googly, 
dbe50b21,625371,HH Pandya,Hardik Himanshu Pandya,"October 11, 1993, Choryasi, Gujarat",Right hand Bat,Right arm Medium fast, 
d8699ab7,5616,ML Hayden,Matthew Lawrence Hayden,"October 29, 1971, Kingaroy, Queensland",Left hand Bat,Right arm Medium, 
de8d3876,33440,M Rawat,Mahesh Rawat,"October 25, 1985, Faridabad",Right hand Bat, ,Wicketkeeper
cfad138c,209457,CK Kapugedera,Chamara Kantha Kapugedera,"February 24, 1987, Kandy",Right hand Bat,Right arm Medium,Occasional Wicketkeeper
16dfcc19,43524,Umar Gul,Umar Gul,"October 15, 1982, Peshawar, North-Western Frontier Province",Right hand Bat,Right arm Fast medium, 
30a45b23,267192,SPD Smith,Steven Peter Devereux Smith,"June 02, 1989, Sydney, New South Wales",Right hand Bat,Legbreak Googly, 
0a8fce53,330902,Mustafizur Rahman,Mustafizur Rahman,"September 06, 1995, Satkhira",Left hand Bat,Left arm Fast medium, 
9440ef41,1350792,Suyash Sharma,Suyash Sharma,"May 15, 2003",Right hand Bat,Legbreak Googly, 
acc1aeda,237696,SP Jackson,Sheldon Philip Jackson,"September 27, 1986, Bhavnagar, Saurashtra",Right hand Bat, ,Wicketkeeper
b51f72a5,1079668,SS Agarwal,Shubham Sanjay Agarwal,"November 21, 1993, Raigadh, Gujarat",Right hand Bat,Legbreak Googly, 
8b3e9c7c,1070168,PP Shaw,Prithvi Pankaj Shaw,"November 09, 1999, Thane, Maharashtra",Right hand Bat,Right arm Offbreak, 
fe763256,35805,Y Venugopal Rao,Yalaka Venugopal Rao,"February 26, 1982, Visakhapatnam, Andhra Pradesh",Right hand Bat,Right arm Offbreak, 
99258814,1287033,Gurnoor Brar,Gurnoor Brar,"May 25, 2000, Muktsar, Punjab",Left hand Bat,Right arm Fast, 
890946a0,32102,NV Ojha,Naman Vinaykumar Ojha,"July 20, 1983, Ujjain, Madhya Pradesh",Right hand Bat, ,Wicketkeeper
b17e2f24,422108,KL Rahul,Kannaur Lokesh Rahul,"April 18, 1992, Bangalore, Karnataka",Right hand Bat, ,Wicketkeeper
e938e1bc,30732,P Kumar,Praveenkumar Sakat Singh,"October 02, 1986, Meerut, Uttar Pradesh",Right hand Bat,Right arm Medium, 
18c78b11,46148,RE Levi,Richard Ernst Levi,"January 14, 1988, Johannesburg",Right hand Bat,Right arm Medium, 
1da489ff,917213,S Kaushik,Shivil Kaushik,"September 07, 1995",Right hand Bat,Left arm Wrist spin, 
462411b3,625383,JJ Bumrah,Jasprit Jasbirsingh Bumrah,"December 06, 1993, Ahmedabad",Right hand Bat,Right arm Fast, 
56ab442f,261354,NM Coulter-Nile,Nathan Mitchell Coulter-Nile,"October 11, 1987, Osborne Park, Western Australia",Right hand Bat,Right arm Fast, 
b63ab531,232284,LA Pomersbach,Luke Anthony Pomersbach,"September 28, 1984, Bentley, Perth, Western Australia",Left hand Bat,Right arm Offbreak, 
c3a96caf,398506,Mandeep Singh,Mandeep Singh,"December 18, 1991, Jalandhar, Punjab",Right hand Bat,Right arm Medium, 
c654af19,46393,R McLaren,Ryan McLaren,"February 09, 1983, Kimberley, Cape Province",Left hand Bat,Right arm Medium fast, 
b8a55852,37737,BB McCullum,Brendon Barrie McCullum,"September 27, 1981, Dunedin, Otago",Right hand Bat,"Right arm Medium, Right arm Offbreak",Wicketkeeper
95a2ea61,26798,S Anirudha,Srikkanth Anirudha,"April 14, 1987, Madras (now Chennai), Tamil Nadu",Right hand Bat, , 
6ec424a9,12440,ND Doshi,Nayan Dilip Doshi,"October 06, 1978, Nottingham",Right hand Bat,Slow Left arm Orthodox, 
23eeb873,447261,DL Chahar,Deepak Lokandersingh Chahar,"August 07, 1992, Agra, Uttar Pradesh",Right hand Bat,Right arm Medium, 
81c08fa3,1246528,Umran Malik,Umran Malik,"November 22, 1999, Gujjar Nagar, Jammu & Kashmir",Right hand Bat,Right arm Fast, 
fa2f1dde,1083033,K Khejroliya,Kulwant Khejroliya,"March 13, 1992, Churi Ajitgarh Jhunjhunu District, Rajasthan",Left hand Bat,Left arm Medium fast, 
6ad3a659,290629,P Amarnath,Palani Amarnath,"June 01, 1982",Right hand Bat,Right arm Medium, 
23ac69e6,211854,RJ Quiney,Robert John Quiney,"August 20, 1982, Brighton, Victoria",Left hand Bat,Right arm Medium, 
fdedb37c,6128,SM Katich,Simon Mathew Katich,"August 21, 1975, Middle Swan, Western Australia",Left hand Bat,Left arm Wrist spin, 
5bb5a915,46538,M Morkel,Morne Morkel,"October 06, 1984, Vereeniging, Transvaal",Left hand Bat,Right arm Fast, 
b2b23612,424219,RG More,Ronit Gajanan More,"February 02, 1992, Belgaum, Karnataka",Right hand Bat,Right arm Medium, 
d4eef961,393279,M de Lange,Marchant de Lange,"October 13, 1990, Tzaneen, Limpopo",Right hand Bat,Right arm Fast, 
51a3c5ef,319439,MJ McClenaghan,Mitchell John McClenaghan,"June 11, 1986, Hastings, Hawke's Bay",Left hand Bat,Left arm Fast medium, 
d1a60072,1151273,N Wadhera,Nehal Wadhera,"September 04, 2000, Ludhiana, Punjab",Left hand Bat,Legbreak, 
36d33dd0,52969,RR Sarwan,Ramnaresh Ronnie Sarwan,"June 23, 1980, Wakenaam Island, Essequibo, Guyana",Right hand Bat,Legbreak, 
896d78ad,49764,AD Mathews,Angelo Davis Mathews,"June 02, 1987, Colombo",Right hand Bat,Right arm Medium, 
30df8c66,1159722,Simarjeet Singh,Simarjeet Singh,"January 17, 1998, Delhi",Right hand Bat,Right arm Medium fast, 
39ed0d2f,1246518,KS Sharma,Karan Sunny Sharma,"October 31, 1998, Delhi",Right hand Bat,Right arm Offbreak, 
fb2d1dda,604527,N Rana,Nitish Rana,"December 27, 1993, Delhi",Left hand Bat,"Right arm Medium, Right arm Offbreak, Legbreak", 
3dba85c2,31041,WA Mota,Wilkin Arvind Mota,"September 20, 1981, Bombay (now Mumbai), Maharashtra",Right hand Bat,Right arm Medium, 
4353bba5,224367,YA Abdulla,Yusuf Adam Abdulla,"January 17, 1983, Johannesburg, Transvaal",Left hand Bat,Left arm Fast medium, 
0d232ffd,30220,MA Khote,Musavir Asmat Khote,"April 22, 1980, Sopra, Thana, Maharashtra",Right hand Bat,Right arm Medium, 
8db7f47f,461632,RJW Topley,Reece James William Topley,"February 21, 1994, Ipswich, Suffolk",Right hand Bat,Left arm Fast medium, 
c9d33ef5,32305,RV Pawar,Rajesh Vithal Pawar,"September 06, 1979, Bombay (now Mumbai), Maharashtra",Left hand Bat,Slow Left arm Orthodox, 
6c882e9a,342619,PBB Rajapaksa,Pramod Bhanuka Bandara Rajapaksa,"October 24, 1991, Colombo",Left hand Bat,Right arm Medium, 
ae78bc32,317293,MS Gony,Manpreet Singh Gony,"January 04, 1984, Roopnagar, Punjab",Right hand Bat,Right arm Medium, 
5bdcdb72,48472,TM Dilshan,Tillakaratne Mudiyanselage Dilshan,"October 14, 1976, Kalutara",Right hand Bat,Right arm Offbreak,Wicketkeeper
2f49c897,940973,Mohammed Siraj,Mohammed Siraj,"March 13, 1994, Hyderabad",Right hand Bat,Right arm Fast, 
99b202b3,27783,A Chandila,Ajit  Chandila,"December 05, 1983, Faridabad, Haryana",Right hand Bat,Right arm Offbreak, 
4b31f3a3,1070196,Yash Thakur,Yash Ravisingh Thakur,"December 28, 1998, Kolkata",Right hand Bat,Right arm Fast medium, 
0c432afb,279562,P Parameswaran,Prasanth Parameswaran,"May 30, 1985, Thanner Mukham",Right hand Bat,Left arm Medium, 
4f629497,36326,SE Bond,Shane Edward Bond,"June 07, 1975, Christchurch, Canterbury",Right hand Bat,Right arm Fast, 
eef2536f,694211,Avesh Khan,Avesh Khan,"December 13, 1996, Indore, Madhya Pradesh",Right hand Bat,Right arm Fast medium, 
63bff7f9,5605,SM Harwood,Shane Michael Harwood,"March 01, 1974, Ballarat, Victoria",Right hand Bat,Right arm Fast medium, 
d92e42f5,269170,KP Appanna,Kotarangada Prabhu Appanna,"December 20, 1988, Kodagu, Karnataka",Right hand Bat,Slow Left arm Orthodox, 
710dd98c,47711,MN van Wyk,Morne Nico van Wyk,"March 20, 1979, Bloemfontein, Orange Free State",Right hand Bat,Slow Left arm Orthodox,Wicketkeeper
5f5d3ad4,377437,SS Shaikh,Shoaib Shabbir Shaikh,"January 18, 1987, Bombay (now Mumbai), Maharashtra",Right hand Bat,Right arm Medium, 
d1c36f5c,298438,JJ Roy,Jason Jonathan Roy,"July 21, 1990, Durban, South Africa",Right hand Bat, , 
14b14cd8,277472,DM Bravo,Darren Michael Bravo,"February 06, 1989, Trinidad",Left hand Bat,Right arm Medium,Occasional Wicketkeeper
b552a935,47569,AC Thomas,Alfonso Clive Thomas,"February 09, 1977, Cape Town, Cape Province",Right hand Bat,Right arm Fast medium, 
db584dad,51880,CH Gayle,Christopher Henry Gayle,"September 21, 1979, Kingston, Jamaica",Left hand Bat,Right arm Offbreak, 
e412cb64,244639,HF Gurney,Harry Frederick Gurney,"October 25, 1986, Nottingham",Right hand Bat,Left arm Fast medium, 
ddb00822,32211,P Prasanth,Padmanabhan Prasanth,"September 03, 1985, Thiruvananthapuram, Kerala",Left hand Bat,Slow Left arm Orthodox, 
c9cac448,24790,T Mishra,Tanmay Mishra,"December 22, 1986, Mumbai, India",Right hand Bat,Right arm Fast medium, 
86dc8f2e,45789,JH Kallis,Jacques Henry Kallis,"October 16, 1975, Pinelands, Cape Town, Cape Province",Right hand Bat,Right arm Fast medium, 
541f85c9,302579,SP Goswami,Shreevats Pratyush Goswami,"May 18, 1989, Calcutta (now Kolkata), Bengal",Left hand Bat, ,Wicketkeeper
a386e91b,10772,PD Collingwood,Paul David Collingwood,"May 26, 1976, Shotley Bridge, Co Durham",Right hand Bat,Right arm Medium, 
c3d35165,46248,JA Morkel,Johannes Albertus Morkel,"June 10, 1981, Vereeniging, Transvaal",Left hand Bat,Right arm Medium fast, 
6b8eb6e5,34274,S Sreesanth,Shanthakumaran Sreesanth,"February 06, 1983, Kothamangalam, Kerala",Right hand Bat,Right arm Fast medium, 
9eb1455b,826915,NT Ellis,Nathan Ellis,"September 22, 1994, Greenacre, New South Wales",Right hand Bat,Right arm Fast medium, 
8291f939,371150,AL Menaria,Ashok Lakshminarayan Menaria,"October 29, 1990, Udaipur, Rajasthan",Left hand Bat,Slow Left arm Orthodox, 
bb351c23,8917,MM Ali,Moeen Munir Ali,"June 18, 1987, Birmingham",Left hand Bat,Right arm Offbreak, 
9.95E+265,337790,HE van der Dussen,Hendrik Erasmus van der Dussen,"February 07, 1989, Pretoria, Transvaal",Right hand Bat,Legbreak, 
99ed60f8,230554,JPR Scantlebury-Searles,Javon Philip Ramon Scantlebury-Searles,"December 21, 1986, Durants Village, St James, Barbados",Right hand Bat,Right arm Fast medium, 
66b30f71,227712,AB Dinda,Ashok Bhimchandra Dinda,"March 25, 1984, Medinipur, Calcutta (now Kolkata)",Right hand Bat,Right arm Medium fast, 
27e71d47,431876,K Upadhyay,Krishnakant Upadhyay,"June 18, 1986, Agar, Uttar Pradesh",Right hand Bat,Right arm Medium, 
1763bc6c,319744,X Thalaivan Sargunam,Xavier Thalaivan Sargunam,"May 15, 1985, Nagar Kowil, Tamil Nadu",Right hand Bat,Right arm Offbreak, 
50758325,5472,B Geeves,Brett Geeves,"June 13, 1982, Claremont, Tasmania",Right hand Bat,Right arm Fast medium, 
c995d726,45705,CA Ingram,Colin Alexander Ingram,"July 03, 1985, Port Elizabeth",Left hand Bat,Legbreak,Wicketkeeper
765a4731,1125688,Mukesh Choudhary,Mukesh Choudhary,"July 06, 1996, Pardodas, Bhilwara, Rajsthan",Left hand Bat,Left arm Medium, 
798cc28e,1083030,KM Asif,KM Asif,"July 24, 1993, Edavanna,Malappuram",Right hand Bat,Right arm Medium, 
9601c534,422342,SD Lad,Siddhesh Dinesh Lad,"May 23, 1992, Mumbai",Right hand Bat,Right arm Offbreak, 
3241e3fd,604302,N Pooran,Nicholas Pooran,"October 02, 1995, Trinidad",Left hand Bat,Right arm Offbreak,Wicketkeeper
dbc50253,236694,AP Dole,Aditya Pradip Dole,"October 09, 1987, Pimpri, Maharashtra",Right hand Bat,Right arm Medium fast, 
9a5f2863,1349361,Mohit Rathee,Mohit Rathee,"January 13, 1999, Rohak, Haryana",Right hand Bat,Legbreak, 
ad427b5c,930189,Lalit Yadav,Lalit Yadav,"January 03, 1997, Delhi",Right hand Bat,Right arm Offbreak, 
ddc0828d,12856,A Flintoff,Andrew Flintoff,"December 06, 1977, Preston, Lancashire",Right hand Bat,Right arm Fast medium, 
35205dfc,53118,DR Smith,Dwayne Romel Smith,"April 12, 1983, Storey Gap, Codrington Hill, St Michael, Barbados",Right hand Bat,Right arm Medium, 
9061a703,928067,J Little,Joshua Brian Little,"November 01, 1999, Dublin",Right hand Bat,Left arm Fast medium, 
495d42a5,26421,R Ashwin,Ravichandran Ashwin,"September 17, 1986, Madras (now Chennai), Tamil Nadu",Right hand Bat,Right arm Offbreak, 
a457cfb5,942367,Mayank Dagar,Mayank J Dagar,"November 11, 1996, Delhi",Right hand Bat,Slow Left arm Orthodox, 
3ff033bb,437316,MD Shanaka,Madagamagamage Dasun Shanaka,"September 09, 1991, Negombo",Right hand Bat,Right arm Medium, 
7dc35884,56143,Shakib Al Hasan,Shakib Al Hasan,"March 24, 1987, Magura, Jessore",Left hand Bat,Slow Left arm Orthodox, 
d7b3a420,376102,Jaskaran Singh,Jaskaran Singh Buttar,"September 04, 1989, Mohali, Punjab",Right hand Bat,Right arm Medium, 
0164b064,376169,MG Neser,Michael Gertges Neser,"March 29, 1990, Pretoria, South Africa",Right hand Bat,Right arm Medium fast, 
ef5da05c,26490,AG Murtaza,Ali Ghulam Murtaza,"January 01, 1990, Allahabad, Uttar Pradesh",Left hand Bat,Slow Left arm Orthodox, 
b720a5d6,237701,DB Ravi Teja,Dwaraka Bhamidipati Ravi Teja,"September 05, 1987, Kakinada, Andhra Pradesh",Right hand Bat,Legbreak Googly, 
0a476045,28235,S Dhawan,Shikhar Dhawan,"December 05, 1985, Delhi",Left hand Bat,Right arm Offbreak, 
fef92afc,539548,SC Kuggeleijn,Scott Christopher Kuggeleijn,"January 03, 1992, Hamilton",Right hand Bat,Right arm Fast medium, 
64839cb3,1194795,M Pathirana,Matheesha Pathirana,"December 18, 2002, Kandy",Right hand Bat,Right arm Fast, 
90de905a,424377,K Gowtham,Krishnappa Gowtham,"October 20, 1988, Bangalore, Karnataka",Right hand Bat,Right arm Offbreak, 
f62772e5,530773,P Negi,Pawan Negi,"January 06, 1993, Delhi",Left hand Bat,Slow Left arm Orthodox, 
3355b542,44828,F du Plessis,Francois du Plessis,"July 13, 1984, Pretoria",Right hand Bat,Legbreak, 
266849c1,1350770,R Goyal,Raghav Goyal,"January 26, 2001",Left hand Bat,Left arm Wrist spin, 
a4e37e47,714451,S Dube,Shivam Dube,"June 26, 1993, Mumbai",Left hand Bat,Right arm Medium, 
d67d5f00,321777,DA Miller,David Andrew Miller,"June 10, 1989, Pietermaritzburg, Natal",Left hand Bat,Right arm Offbreak, 
d18f9182,49289,DPMD Jayawardene,Denagamage Proboth Mahela de Silva Jayawardene,"May 27, 1977, Colombo",Right hand Bat,Right arm Medium, 
cdc6bdba,592735,S Sandeep Warrier,Sankarankutty Sandeep Warrier,"April 04, 1991, Thrissur, Kerala",Right hand Bat,Right arm Medium, 
85b3fab2,595978,T Stubbs,Tristan Stubbs,"August 14, 2000",Right hand Bat,Right arm Offbreak,Wicketkeeper
0ed0cdbf,236810,H Das,Halhadar Das,"December 10, 1986, Dhankanal, Orissa",Right hand Bat, ,Wicketkeeper
3c6ffae8,32498,YK Pathan,Yusuf Khan Pathan,"November 17, 1982, Baroda, Gujarat",Right hand Bat,Right arm Offbreak, 
b681e71e,325026,GJ Maxwell,Glenn James Maxwell,"October 14, 1988, Kew, Melbourne, Victoria",Right hand Bat,Right arm Offbreak, 
12314277,1244751,Arshad Khan (2),Mohd Arshad Khan,"December 20, 1997, Gopalganj (Seoni)",Left hand Bat,Left arm Medium, 
73ad96ed,497121,DJ Hooda,Deepak Jagbir Hooda,"April 19, 1995, Rohtak",Right hand Bat,Right arm Offbreak, 
441c72ae,1159712,P Ray Barman,Prayas Ray Barman,"October 25, 2002",Right hand Bat,Legbreak Googly, 
ade90de7,1131619,S Midhun,Sudhesan Midhun,"October 07, 1994, Kayamkulam (Allapuzha District)",Right hand Bat,Legbreak Googly, 
f5180fe6,6033,MG Johnson,Mitchell Guy Johnson,"November 02, 1981, Townsville, Queensland",Left hand Bat,Left arm Fast, 
29d72eb2,337913,AA Chavan,Ankeet Anil Chavan,"October 28, 1985, Bombay (now Mumbai), Maharashtra",Left hand Bat,Slow Left arm Orthodox, 
db31895a,591650,AS Rajpoot,Ankit Singh Rajpoot,"December 04, 1993, Kanpur",Right hand Bat,Right arm Medium, 
bd17b45f,27223,STR Binny,Stuart Terence Roger Binny,"June 03, 1984, Bangalore, Karnataka",Right hand Bat,Right arm Medium, 
3a60e0b5,265564,WD Parnell,Wayne Dillon Parnell,"July 30, 1989, Port Elizabeth, Cape Province",Left hand Bat,Left arm Medium fast, 
1cb14aa4,545467,CJ Dala,Carl Junior Dala,"December 29, 1989, Lusaka, Zambia",Right hand Bat,Right arm Medium, 
297b26da,36130,Yashpal Singh,Yashpal Singh,"November 27, 1981, Delhi",Right hand Bat,Right arm Medium, 
91b9300b,262533,UA Birla,Udit Alok Birla,"November 17, 1989, Calcutta (now Kolkata), Bengal",Right hand Bat,Right arm Medium, 
641ac5ff,559066,IS Sodhi,Inderbir Singh Sodhi,"October 31, 1992, Ludhiana, India",Right hand Bat,Legbreak, 
b8527c3d,1161489,Rasikh Salam,Rasikh Salam Dar,"April 05, 2000",Right hand Bat,Right arm Medium, 
1a156c88,308798,DJM Short,D'Arcy John Matthew Short,"August 09, 1990, Katherine, Northern Territory",Left hand Bat,Left arm Wrist spin, 
12b610c2,530011,TM Head,Travis Michael Head,"December 29, 1993, Adelaide, South Australia",Left hand Bat,Right arm Offbreak,Wicketkeeper
62af8546,25913,Mohammad Nabi,Mohammad Nabi,"January 01, 1985, Loger, Afghanistan",Right hand Bat,Right arm Offbreak, 
85aae393,277237,Iqbal Abdulla,Sayed Iqbal Abdulla,"December 02, 1989, Azamgarh",Left hand Bat,Slow Left arm Orthodox, 
66cf56a5,310958,A Mithun,Abhimanyu Mithun,"October 25, 1989, Bangalore",Right hand Bat,Right arm Medium, 
91ffa6c6,38373,JD Ryder,Jesse Daniel Ryder,"August 06, 1984, Masterton, Wellington",Left hand Bat,Right arm Medium, 
327b58d3,552152,PVD Chameera,Pathira Vasan Dushmantha Chameera,"January 11, 1992, Ragama",Right hand Bat,Right arm Fast, 
94d7f855,55395,C de Grandhomme,Colin de Grandhomme,"July 22, 1986, Harare",Right hand Bat,Right arm Medium fast, 
bb965e9a,1070180,PK Garg,Priyam K Garg,"November 30, 2000, Meerut, Uttar Pradesh",Right hand Bat,Right arm Medium, 
1c914163,36084,Yuvraj Singh,Yuvraj Singh,"December 12, 1981, Chandigarh",Left hand Bat,Slow Left arm Orthodox, 
864c199e,8119,AC Voges,Adam Charles Voges,"October 04, 1979, Subiaco, Perth, Western Australia",Right hand Bat,Slow Left arm Orthodox, 
5fa06777,32685,IK Pathan,Irfan Khan Pathan,"October 27, 1984, Baroda, Gujarat",Left hand Bat,Left arm Medium fast, 
bcf325d2,1175488,Dhruv Jurel,Dhruv Chand Jurel,"January 21, 2001, Agra, Uttar Pradesh",Right hand Bat, , 
6eb146d2,537124,Gurkeerat Singh,Gurkeerat Rupinder Singh,"June 29, 1990, Muktsar, Punjab",Right hand Bat,Right arm Offbreak, 
dd7e9b3b,1292498,YV Dhull,Yash Vijay Dhull,"November 11, 2002, New Delhi",Right hand Bat,Right arm Offbreak, 
4b57e452,237095,M Vijay,Murali Vijay,"April 01, 1984, Chennai",Right hand Bat,Right arm Offbreak, 
e94915e6,662973,SM Curran,Samuel Matthew Curran,"June 03, 1998, Northampton",Left hand Bat,Left arm Medium fast, 
983f2f61,232292,Swapnil Singh,Swapnil Singh,"January 22, 1991, Rae Bareilly, Uttar Pradesh",Right hand Bat,Slow Left arm Orthodox, 
5d096f3d,32391,RR Powar,Ramesh Rajaram Powar,"May 20, 1978, Bombay (now Mumbai), Maharashtra",Right hand Bat,Right arm Offbreak, 
a1f1829d,28997,K Goel,Karan Goel,"December 24, 1986, Ludhiana, Punjab",Left hand Bat,Right arm Offbreak, 
756389bd,35619,S Vidyut,Vidyut Sivaramakrishnan,"December 03, 1981, Madras (now Chennai), Tamil Nadu",Left hand Bat,Slow Left arm Orthodox, 
d8b2f218,537126,BB Sran,Barinder Balbirsingh Sran,"December 10, 1992, Sirsa",Left hand Bat,Left arm Medium, 
f10e94c4,500360,AD Nath,Akshdeep Deependra Nath,"May 10, 1993, Lucknow",Right hand Bat,Right arm Medium fast, 
f708a0bc,5681,GB Hogg,George Bradley Hogg,"February 06, 1971, Narrogin, Western Australia",Left hand Bat,Left arm Wrist spin, 
2be41edb,226492,MJ Guptill,Martin James Guptill,"September 30, 1986, Auckland",Right hand Bat,Right arm Offbreak, 
4c4fa80b,273439,SMSM Senanayake,Senanayake Mudiyanselage Sachithra Madhushanka Senanayake,"February 09, 1985, Colombo",Right hand Bat,Right arm Offbreak, 
af2c687b,232359,C Munro,Colin Munro,"March 11, 1987, Durban",Left hand Bat,Right arm Medium fast, 
a12e1d51,49758,SL Malinga,Separamadu Lasith Malinga,"August 28, 1983, Galle",Right hand Bat,Right arm Fast, 
808f425a,270484,JP Faulkner,James Peter Faulkner,"April 29, 1990, Launceston, Tasmania",Right hand Bat,Left arm Fast medium, 
fb66ce1f,439952,CH Morris,Christopher Henry Morris,"April 30, 1987, Pretoria, Transvaal",Right hand Bat,Right arm Fast medium, 
2f9d0389,493773,LH Ferguson,Lachlan Hammond Ferguson,"June 13, 1991, Auckland",Right hand Bat,Right arm Fast, 
cf73ad76,37004,JEC Franklin,James Edward Charles Franklin,"November 07, 1980, Wellington",Left hand Bat,Left arm Medium, 
2815fe50,29702,AA Jhunjhunwala,Abhishek Arunkumar Jhunjhunwala,"December 01, 1982, Calcutta (now Kolkata), Bengal",Right hand Bat,Right arm Offbreak, 
7daedf2f,319745,KB Arun Karthik,Konda Bhaskir Arun Karthik,"February 15, 1986, Walajapet, Tamil Nadu",Right hand Bat,Legbreak Googly,Occasional Wicketkeeper
28c78fb3,340854,Harpreet Singh,Harpreet Singh Bhatia,"August 11, 1991, Durg, Madhya Pradesh",Left hand Bat,Right arm Medium, 
f986ca1a,390481,HV Patel,Harshal Vikram Patel,"November 23, 1990, Sanand, Gujarat",Right hand Bat,Right arm Medium, 
378daa89,1254269,Aman Hakim Khan,Aman Hakim Khan,"November 23, 1996",Right hand Bat,Right arm Medium, 
890de8cb,28758,Gagandeep Singh,Gagandeep Singh,"October 03, 1981, Ludhiana, Punjab",Right hand Bat,Right arm Medium fast, 
7023d182,220435,AN Ghosh,Arindam Nanigopal Ghosh,"October 19, 1986, Barasat, Kolkatta",Right hand Bat,Right arm Medium, 
c15e2193,28671,FY Fazal,Faiz Yakub Fazal,"September 07, 1985, Nagpur, Maharashtra",Left hand Bat,Right arm Medium, 
0a509d6b,723105,RK Singh,Rinku Khanchand Singh,"October 12, 1997, Aligarh, Uttar Pradesh",Left hand Bat,Right arm Offbreak, 
0a3d54b9,360911,VR Aaron,Varun Raymond Aaron,"October 29, 1989, Singhbhum, Bihar (now Jharkhand)",Right hand Bat,Right arm Fast, 
a4cc73aa,425943,SV Samson,Sanju Viswanath Samson,"November 11, 1994, Pulluvila, Vizhinjam, Trivandrum",Right hand Bat, ,Wicketkeeper
7a8bd078,344580,S Gopal,Shreyas Gopal,"September 04, 1993, Banglaore, Karnataka",Right hand Bat,Legbreak, 
5f4e9e8f,290713,RR Raje,Rohan Ravindra Raje,"September 03, 1986, Neral, Maharashtra",Right hand Bat,Right arm Fast medium, 
afa7e784,230193,MS Wade,Matthew Scott Wade,"December 26, 1987, Hobart, Tasmania",Left hand Bat,Right arm Medium,Wicketkeeper
edb3d4f8,777537,KC Cariappa,Konganda Charamanna Cariappa,"April 13, 1994, Bangalore, Karnataka",Right hand Bat,Legbreak, 
90edaaa9,33757,S Rana,Sachin Rana,"September 18, 1984, Gurgaon, Haryana",Right hand Bat,Right arm Medium fast, 
8361e524,379776,SSB Magala,Sisanda Somila Bruce Magala,"January 07, 1991, Port Elizabeth, Cape Province",Right hand Bat,Right arm Fast medium, 
39f82db3,5583,DJ Harris,Daniel Joseph Harris,"December 31, 1979, North Adelaide, South Australia",Right hand Bat,Right arm Medium, 
a76d10ba,35401,TM Srivastava,Tanmay Manoj Srivastava,"November 07, 1989, Kanpur, Uttar Pradesh",Left hand Bat,Right arm Medium, 
f4f0fafd,253798,B Sumanth,Bodapati Apparao Sumanth,"May 10, 1988, Visakhapatnam, Andhra Pradesh",Right hand Bat,Right arm Medium fast, 
372455c4,379143,Q de Kock,Quinton de Kock,"December 17, 1992, Johannesburg, Gauteng",Left hand Bat, ,Wicketkeeper
e32d22f6,32973,Pankaj Singh,Pankaj Singh,"May 06, 1985, Sultanpur, Uttar Pradesh",Right hand Bat,Right arm Medium fast, 
caa89a48,34402,SS Sarkar,Sourav Subrata Sarkar,"December 15, 1984, Calcutta (now Kolkata), Bengal",Right hand Bat,Right arm Medium, 
871e9faf,732291,Basil Thampi,Basil Thampi,"September 11, 1993, Ernakulam, Kerala",Right hand Bat,Right arm Fast medium, 
4ec07775,47660,RN ten Doeschate,Ryan Neil ten Doeschate,"June 30, 1980, Port Elizabeth, Cape Province",Right hand Bat,Right arm Medium fast, 
cfa4bd2b,1121579,Y Prithvi Raj,Prithvi Raj Yarra,"February 20, 1998, Duggirala , Andhra Pradesh",Left hand Bat,Left arm Medium, 
957532de,290632,S Aravind,Sreenath Aravind,"April 08, 1984, Bangalore, Karnataka",Left hand Bat,Left arm Medium fast, 
b483905d,1175458,Akash Singh,Akash Maharaj Singh,"April 26, 2002, Bharatpur, Rajasthan",Right hand Bat,Left arm Medium fast, 
c695b423,1252337,PH Solanki,Prashant Hitesh Solanki,"February 22, 2000",Right hand Bat,Legbreak, 
f663ef00,26291,J Arunkumar,Jagadeesh Arunkumar,"January 18, 1975, Bangalore, Karnataka",Right hand Bat,Right arm Offbreak, 
76388dc8,51433,S Badree,Samuel Badree,"March 09, 1981, Barrackpore, Trinidad",Right hand Bat,Legbreak, 
c4487b84,44936,AB de Villiers,Abraham Benjamin de Villiers,"February 17, 1984, Pretoria",Right hand Bat,Right arm Medium,Wicketkeeper
a9fd84fb,1081442,M Markande,Mayank Markande,"November 11, 1997, Bathinda, Punjab",Right hand Bat,Legbreak, 
afe3355a,327123,AR Bawne,Ankit Ramdas Bawne,"December 17, 1992, Paitha, Aurangabad",Right hand Bat,Right arm Offbreak, 
f9e6e7ef,1159711,Shahbaz Ahmed,Shahbaz Ahmed,"December 11, 1994, Mewat, Haryana",Left hand Bat,Slow Left arm Orthodox, 
2e8994e7,44932,JP Duminy,Jean-Paul Duminy,"April 14, 1984, Strandfontein, Cape Town, Cape Province",Left hand Bat,Right arm Offbreak, 
b2b50355,26829,L Balaji,Lakshmipathy Balaji,"September 27, 1981, Madras (now Chennai), Tamil Nadu",Right hand Bat,Right arm Medium fast, 
45c2196c,4508,DE Bollinger,Douglas Erwin Bollinger,"July 24, 1981, Baulkham Hills, Sydney, New South Wales",Left hand Bat,Left arm Fast medium, 
19b9f399,787073,CJ Green,Christopher James Green,"October 01, 1993, Durban, Natal, South Africa",Right hand Bat,Right arm Offbreak, 
de4b0555,390547,R Shukla,Rahul Shukla,"August 28, 1990, Jharkhand",Right hand Bat,Right arm Medium, 
2049f3a0,34245,SJ Srivastava,Shalabh Jagdishprasad Srivastava,"September 22, 1981, Allahabad, Uttar Pradesh",Right hand Bat,Left arm Fast medium, 
df064e1a,1175441,Ravi Bishnoi,Ravi Bishnoi,"September 05, 2000, Jodhpur, Rajasthan",Right hand Bat,Legbreak Googly, 
3576e47e,26806,S Badrinath,Subramaniam Badrinath,"August 30, 1980, Madras (now Chennai), Tamil Nadu",Right hand Bat,Right arm Offbreak, 
d5130a30,1151288,B Sai Sudharsan,Bhardwaj Sai Sudharsan,"October 15, 2001, Chennai",Left hand Bat,Legbreak, 
fb693839,317292,S Ladda,Sarabjit Ladda,"July 10, 1986, Patiala",Right hand Bat,Legbreak, 
b4f5c2d9,1070188,KL Nagarkoti,Kamlesh Lachham Nagarkoti,"December 28, 1999, Barmer, Rajasthan",Right hand Bat,Right arm Fast, 
119678fd,30288,KV Sharma,Karn Vinod Sharma,"October 23, 1987, Meerut, Uttar Pradesh",Left hand Bat,Legbreak Googly, 
93a17209,31732,VY Mahesh,Vijaykumar Yo Mahesh,"December 21, 1987, Madras (now Chennai), Tamil Nadu",Right hand Bat,Right arm Medium fast, 
dfc4d8b5,272262,KW Richardson,Kane William Richardson,"February 12, 1991, Eudunda, South Australia",Right hand Bat,Right arm Fast medium, 
33ffc3dd,1048841,R Sanjay Yadav,Ramsingh  Sanjay Yadav,"May 10, 1995, Gorakhpur, Uttar Pradesh",Left hand Bat,Slow Left arm Orthodox, 
063b3673,36071,DH Yagnik,Dishant Harendra Yagnik,"June 22, 1983, Banswara, Rajasthan",Left hand Bat, , 
0494fa6e,732293,Vishnu Vinod,Vishnu Vinod,"December 02, 1993,  Pathanamthitta, Kerala",Right hand Bat, ,Wicketkeeper
16043342,6553,AB McDonald,Andrew Barry McDonald,"June 05, 1981, Wodonga, Victoria",Right hand Bat,Right arm Fast medium, 
caf69bf7,826901,DR Sams,Daniel Richard Sams,"October 27, 1992, Milperra, New South Wales",Right hand Bat,Left arm Fast medium, 
c404f58a,6981,DP Nannes,Dirk Peter Nannes,"May 16, 1976, Mount Waverley, Melbourne, Victoria",Right hand Bat,Left arm Fast, 
5b040b81,26789,A Singh,Amit Singh,"June 21, 1981, Bidar, Karnataka",Right hand Bat,Right arm Medium fast, 
ded9240e,489889,PJ Cummins,Patrick James Cummins,"May 08, 1993, Westmead, Sydney",Right hand Bat,Right arm Fast, 
ba607b88,253802,V Kohli,Virat Kohli,"November 05, 1988, Delhi",Right hand Bat,Right arm Medium, 
eade4650,381743,DJ Mitchell,Daryl Joseph Mitchell,"May 20, 1991, Hamilton",Right hand Bat,Right arm Medium, 
dddca1d6,279552,SB Wagh,Shrikant Bhaskar Wagh,"October 09, 1988, Chikhli",Left hand Bat,Left arm Medium fast, 
b8d490fd,5334,AJ Finch,Aaron James Finch,"November 17, 1986, Colac, Victoria",Right hand Bat,Slow Left arm Orthodox, 
759ac88f,537119,MM Sharma,Mohit Mahipal Sharma,"September 18, 1988, Ballabhgarh, Haryana",Right hand Bat,Right arm Medium, 
ac5ae4af,328026,I Udana,Isuru Udana Tillakaratna,"February 17, 1988, Balangoda",Right hand Bat,Left arm Medium fast, 
a97c8ec2,784379,PWH de Silva,Pinnaduwage Wanindu Hasaranga de Silva,"July 29, 1997, Galle",Right hand Bat,Legbreak, 
6042bf26,7443,NJ Rimmington,Nathan John Rimmington,"November 11, 1982, Redcliffe, Queensland",Right hand Bat,Right arm Fast medium, 
4ba44e19,49636,M Muralitharan,Muthiah Muralidaran,"April 17, 1972, Kandy",Right hand Bat,Right arm Offbreak, 
eaa90ab4,28067,P Dharmani,Pankaj Dharmani,"September 27, 1974, Delhi",Right hand Bat, ,Wicketkeeper
0c2730df,30176,A Kumble,Anil Kumble,"October 17, 1970, Bangalore, Karnataka",Right hand Bat,Legbreak Googly, 
2cdce1be,1131754,C Sakariya,Chetan Sakariya,"February 28, 1998, Bhavnagar",Left hand Bat,Left arm Medium fast, 
e2db2409,528067,M Ashwin,Murugan Ashwin,"September 08, 1990, Chennai, Tamil Nadu",Right hand Bat,Legbreak Googly, 
5b8c830e,471342,KH Pandya,Krunal Himanshu Pandya,"March 24, 1991, Ahmedabad, Gujarat",Left hand Bat,Slow Left arm Orthodox, 
b410bd3d,960361,S Lamichhane,Sandeep Lamichhane,"August 02, 2000, Syangja",Right hand Bat,Legbreak Googly, 
2f3817ce,34139,TP Sudhindra,Taduri Prakash Chandra Sudhindra,"April 24, 1984, Hindupur, Andhra Pradesh",Left hand Bat,Right arm Fast, 
a45a5e8d,32091,AM Nayar,Abhishek Mohan Nayar,"October 08, 1983, Secunderabad, Hyderabad",Left hand Bat,Right arm Medium, 
96fd40ae,31820,A Nehra,Ashish Nehra,"April 29, 1979, Delhi",Right hand Bat,Left arm Medium fast, 
9ab63e7b,41434,Mohammad Hafeez,Mohammad Hafeez,"October 17, 1980, Sargodha, Punjab",Right hand Bat,Right arm Offbreak, 
350bb1b1,450860,AF Milne,Adam Fraser Milne,"April 13, 1992, Palmerston North",Right hand Bat,Right arm Fast, 
3fca55af,228943,S Sohal,Sunny Sohal,"November 10, 1987, Mohali, Punjab, India",Right hand Bat,Legbreak, 
69762509,6513,DR Martyn,Damien Richard Martyn,"October 21, 1971, Darwin, Northern Territory",Right hand Bat,Right arm Medium, 
944533a5,398439,KK Nair,Karun Nair,"December 06, 1991, Jodhpur, Rajasthan",Right hand Bat,Right arm Offbreak, 
5afd4539,27280,MS Bisla,Manvinder Sultansingh Bisla,"December 27, 1984, Hisar, Haryana",Right hand Bat, ,Wicketkeeper
aa8d28ae,221140,D Wiese,David Wiese,"May 18, 1985, Roodepoort",Right hand Bat,Right arm Medium fast, 
b2ae53f5,49677,T Thushara,Magina Thilan Thushara Mirando,"March 01, 1981, Balapitiya",Left hand Bat,Left arm Fast medium, 
94253925,452044,GH Vihari,Gade Hanuma Vihari,"October 13, 1993, Kakinada, Andhra Pradesh",Right hand Bat,Right arm Offbreak, 
800d2d97,721867,JM Sharma,Jitesh Mohan Sharma,"October 22, 1993, Amrawati, Maharashtra",Right hand Bat, ,Wicketkeeper
3eac9d95,38062,JDP Oram,Jacob David Philip Oram,"July 28, 1978, Palmerston North, Manawatu",Left hand Bat,Right arm Fast medium, 
cad00a4d,318845,RR Rossouw,Rilee Roscoe Rossouw,"October 09, 1989, Bloemfontein, Orange Free State",Left hand Bat,Right arm Offbreak, 
00ea847a,398438,MA Agarwal,Mayank Anurag Agarwal,"February 16, 1991, Bangalore, Karnataka",Right hand Bat,Right arm Offbreak, 
f5f18a18,50438,S Randiv,Hewa Kaluhalamullage Suraj Randiv Kaluhalamulla,"January 30, 1985, Matara",Right hand Bat,Right arm Offbreak, 
2e81a32d,326016,B Kumar,Bhuvneshwar Kumar Singh,"February 05, 1990, Meerut, Uttar Pradesh",Right hand Bat,Right arm Medium, 
8b5b6769,29264,Harbhajan Singh,Harbhajan Singh,"July 03, 1980, Jullundur (now Jalandhar), Punjab",Right hand Bat,Right arm Offbreak, 
f752db61,272465,JL Pattinson,James Lee Pattinson,"May 03, 1990, Melbourne, Victoria",Left hand Bat,Right arm Fast medium, 
b61a3e1a,38699,LRPL Taylor,Luteru Ross Poutoa Lote Taylor,"March 08, 1984, Lower Hutt, Wellington",Right hand Bat,Right arm Offbreak, 
f48cf4da,32389,DT Patil,Devraj Thyagaraj Patil,"December 06, 1984",Right hand Bat, ,Wicketkeeper
03806cf8,288284,JR Hazlewood,Josh Reginald Hazlewood,"January 08, 1991, Tamworth, New South Wales",Left hand Bat,Right arm Fast medium, 
0604ef16,27225,SB Bangar,Sanjay Bapusaheb Bangar,"October 11, 1972, Bid, Maharashtra",Right hand Bat,Right arm Medium fast, 
331ea488,215155,UT Khawaja,Usman Tariq Khawaja,"December 18, 1986, Islamabad, Pakistan",Left hand Bat,Right arm Medium, 
245c97cb,459257,TS Mills,Tymal Solomon Mills,"August 12, 1992, Dewsbury, Yorkshire",Right hand Bat,Left arm Fast, 
752f7486,720471,Ishan Kishan,Ishan Pranav Kumar Pandey Kishan,"July 18, 1998, Patna, Bihar",Left hand Bat, ,Wicketkeeper
f3cb53a1,44111,MV Boucher,Mark Verdon Boucher,"December 03, 1976, East London, Cape Province",Right hand Bat,Right arm Medium,Wicketkeeper
4b4d1957,327127,PM Sarvesh Kumar,PM Sarvesh Kumar,"April 26, 1989, Hyderabad, Andhra Pradesh",Right hand Bat,Right arm Medium, 
89f64c19,53116,LMP Simmons,Lendl Mark Platter Simmons,"January 25, 1985, Port of Spain, Trinidad",Right hand Bat,Right arm Medium fast,Occasional Wicketkeeper
25eeb281,35630,PC Valthaty,Paul Chandrashekar Valthaty,"December 07, 1983, Bombay (now Mumbai), Maharashtra",Right hand Bat,Right arm Medium, 
94bc776b,30719,D Kalyankrishna,Doddapaneni Kalyankrishna,"December 16, 1983, Vijayawada",Right hand Bat,Right arm Medium fast, 
c05edf8e,1168641,Harpreet Brar,Harpreet Brar,"September 16, 1995, Meerut, Uttar Pradesh",Left hand Bat,Slow Left arm Orthodox, 
64d43928,43265,Sohail Tanvir,Sohail Tanvir,"December 12, 1984, Rawalpindi, Punjab",Left hand Bat,Left arm Medium fast, 
9d430b40,230558,SP Narine,Sunil Philip Narine,"May 26, 1988, Arima, Trinidad & Tobago",Left hand Bat,Right arm Offbreak, 
de8cce37,30750,VVS Laxman,Vangipurappu Venkata Sai Laxman,"November 01, 1974, Hyderabad, Andhra Pradesh",Right hand Bat,Right arm Offbreak, 
a343262c,303669,JE Root,Joseph Edward Root,"December 30, 1990, Sheffield, Yorkshire",Right hand Bat,"Right arm Offbreak, Legbreak", 
6821ac10,47693,JJ van der Wath,Johannes Jacobus van der Wath,"January 10, 1978, Newcastle, Natal",Right hand Bat,Right arm Medium fast, 
8a668774,317709,Shoaib Ahmed,Syed Mohammad Shoaib Ahmed,"November 19, 1987, Hyderabad, Andhra Pradesh",Right hand Bat,Right arm Fast medium, 
1a0c3177,323131,P Awana,Parvinder Awana,"July 19, 1986, Delhi, India",Right hand Bat,Right arm Medium, 
f233bbb4,49209,ST Jayasuriya,Sanath Teran Jayasuriya,"June 30, 1969, Matara",Left hand Bat,Slow Left arm Orthodox, 
9a46c4e5,823509,GD Phillips,Glenn Dominic Phillips,"December 06, 1996, East London, Eastern Cape, South Africa",Right hand Bat,Right arm Offbreak,Wicketkeeper
0aadc906,34282,PR Shah,Pinal Rohitbhai Shah,"November 03, 1987, Baroda, Gujarat",Right hand Bat, ,Wicketkeeper
272d796e,388678,BR Dunk,Ben Robert Dunk,"March 11, 1987, Innisfail, Queensland",Left hand Bat,Right arm Offbreak,Wicketkeeper
73c18486,348056,KR Mayers,Kyle Rico Mayers,"September 08, 1992, Barbados",Left hand Bat,Right arm Medium, 
10a91f35,42655,Shoaib Akhtar,Shoaib Akhtar,"August 13, 1975, Rawalpindi, Punjab",Right hand Bat,Right arm Fast, 
a2f46292,942645,KK Ahmed,Khaleel Khursheed Ahmed,"December 05, 1997, Tonk, Rajasthan",Right hand Bat,Left arm Medium, 
24d94623,422992,Ankit Sharma,Ankit Nagendra Sharma,"April 20, 1991, Gwalior, Madhya Pradesh",Left hand Bat,Slow Left arm Orthodox, 
26d041c4,299572,Sikandar Raza,Sikandar Raza Butt,"April 24, 1986, Sialkot, Punjab, Pakistan",Right hand Bat,Right arm Offbreak, 
5056011d,4451,GJ Bailey,George John Bailey,"September 07, 1982, Launceston, Tasmania",Right hand Bat,Right arm Medium, 
a90e53ec,605575,MW Short,Matthew William Short,"November 08, 1995",Right hand Bat,Right arm Offbreak, 
7d3720ba,27150,RR Bhatkal,Raju Ravi Bhatkal,"September 01, 1985, Belgaum, Karnataka",Right hand Bat,Right arm Medium, 
919a3be2,931581,RR Pant,Rishabh Rajendra Pant,"October 04, 1997, Haridwar, Uttarakhand",Left hand Bat, ,Wicketkeeper
d3611425,573930,LI Meriwala,Lukman Iqbal Meriwala,"December 11, 1991, Makan, Baroda",Left hand Bat,Left arm Fast medium, 
5bb1a1c4,236779,I Sharma,Ishant Sharma,"September 02, 1988, Delhi",Right hand Bat,Right arm Fast medium, 
a84468fe,45782,DJ Jacobs,David Johan Jacobs,"November 04, 1982, Klerksdorp, Transvaal",Right hand Bat,Right arm Medium,Wicketkeeper
11614d87,327830,D Pretorius,Dwaine Pretorius,"March 29, 1989, Randfontein",Right hand Bat,Right arm Medium fast, 
d7a57f75,44938,D du Preez,Dillon du Preez,"November 08, 1981, Port Elizabeth, Cape Province",Right hand Bat,Right arm Fast medium, 
888e32bf,56283,Abdur Razzak,Abdur Razzak,"June 15, 1982, Khulna",Left hand Bat,Slow Left arm Orthodox, 
557153ca,371814,KK Cooper,Kevon Keston Cooper,"February 16, 1989, Trinidad",Right hand Bat,Right arm Medium, 
cd8d2859,1111917,DG Nalkande,Darshan Girish Nalkande,"October 04, 1998, Wardha, Maharashtra",Right hand Bat,Right arm Fast medium, 
3edb58fc,16932,AD Mascarenhas,Adrian Dimitri Mascarenhas,"October 30, 1977, Chiswick, Middlesex",Right hand Bat,Right arm Fast medium, 
aedc3b7c,554700,NS Naik,Nikhil Shankar Naik,"November 09, 1994, Savantwadi, Maharashtra",Right hand Bat, ,Wicketkeeper
3ae3f034,430401,AUK Pathan,Asad Ullah Khan Pathan,"June 17, 1984, Ankleshwar, Gujarat",Right hand Bat,Right arm Medium, 
2.50E+166,5702,JR Hopes,James Redfern Hopes,"October 24, 1978, Townsville, Queensland",Right hand Bat,Right arm Medium, 
ff1e12a0,500268,AJ Turner,Ashton James Turner,"January 25, 1993, Perth",Right hand Bat,Right arm Offbreak, 
a9da7784,297583,KJ Abbott,Kyle John Abbott,"June 18, 1987, Empangeni, KwaZulu-Natal",Right hand Bat,Right arm Fast medium, 
6dbcf855,554699,VH Zol,Vijay Hari Zol,"November 23, 1994, Jalna, Maharashtra",Left hand Bat,Right arm Offbreak, 
c64c2443,35261,J Syed Mohammad,Jamaluddin Syed Mohammad,"June 03, 1983, Madras (now Chennai), Tamil Nadu",Left hand Bat,Slow Left arm Orthodox, 
4bd09374,1206039,Akash Madhwal,Akash Madhwal,"November 25, 1993, Roorkee",Right hand Bat,Right arm Medium fast, 
6581d753,45797,JM Kemp,Justin Miles Kemp,"October 02, 1977, Queenstown, Cape Province",Right hand Bat,Right arm Fast medium, 
75224f22,677081,KMA Paul,Keemo Mandela Angus Paul,"February 21, 1998, Guyana",Right hand Bat,Right arm Fast medium, 
663b5e34,956871,PN Mankad,Prerak Nileshkumar Mankad,"April 23, 1994, Sirohi, Saurashtra",Right hand Bat,Right arm Medium, 
67af6f81,55698,RW Price,Raymond William Price,"June 12, 1976, Salisbury (now Harare)",Right hand Bat,Slow Left arm Orthodox, 
c42aaf71,31001,M Manhas,Mithun Manhas,"October 12, 1979, Jammu",Right hand Bat,Right arm Offbreak,Wicketkeeper
271f83cd,446507,SA Yadav,Suryakumar Ashok Yadav,"September 14, 1990, Mumbai, Maharashtra",Right hand Bat,"Right arm Medium, Right arm Offbreak", 
91a4a398,30102,Z Khan,Zaheer Khan,"October 08, 1978, Shrirampur, Maharashtra",Right hand Bat,Left arm Fast medium, 
38f2c66c,307448,VS Yeligati,Vikrant Shyam Yeligati,"April 23, 1985, Bombay (now Mumbai), Maharashtra",Right hand Bat,Right arm Offbreak, 
0f12f9df,233514,NLTC Perera,Narangoda Liyanaarachchilage Thisara Chirantha Perera,"April 03, 1989, Colombo",Left hand Bat,Right arm Medium fast, 
d167edd3,446548,SM Boland,Scott Michael Boland,"April 11, 1989, Melbourne, Australia",Right hand Bat,Right arm Fast medium, 
f29185a1,1070183,Abhishek Sharma,Abhishek Sharma,"September 04, 2000, Amritsar, Punjab",Left hand Bat,Slow Left arm Orthodox, 
249abedf,237199,Jalaj S Saxena,Jalaj Sahai Saxena,"December 15, 1986, Indore, Madhya Pradesh",Right hand Bat,"Right arm Offbreak, Legbreak Googly", 
1be70c88,50431,LPC Silva,Lindamlilage Prageeth Chamara Silva,"December 14, 1979, Panadura",Right hand Bat,Legbreak, 
6165bca6,302582,A Mukund,Abhinav Mukund,"January 06, 1990, Madras (now Chennai), Tamil Nadu",Left hand Bat,Legbreak Googly, 
b2570b38,28846,RV Gomez,Raiphi Vincent Gomez,"October 16, 1985",Right hand Bat,Right arm Medium, 
f6d8a7ab,1159843,K Kartikeya,Kumar Kartikeya Singh,"December 26, 1997, Kuwasi, Sultanpur, Uttar Pradesh",Right hand Bat,"Slow Left arm Orthodox, Left arm Wrist spin", 
7c3b3b78,1209292,VG Arora,Vaibhav Gopal Arora,"December 14, 1997",Right hand Bat,Right arm Fast medium, 
872b03f7,1151270,A Badoni,Ayush Badoni,"December 03, 1999, Delhi",Right hand Bat,Right arm Offbreak, 
6b19d823,31107,A Mishra,Amit Mishra,"November 24, 1982, Delhi",Right hand Bat,Legbreak, 
04a418e8,1079434,R Parag,Riyan Parag,"November 10, 2001, Guwahati, Assam",Right hand Bat,Legbreak, 
1ee08e9a,774223,JA Richardson,Jhye Avon Richardson,"September 20, 1996, Murdoch, Western Australia",Right hand Bat,Right arm Fast, 
dd09ff8e,6278,B Lee,Brett Lee,"November 08, 1976, Wollongong, New South Wales",Right hand Bat,Right arm Fast, 
abb83e27,297433,JM Bairstow,Jonathan Marc Bairstow,"September 26, 1989, Bradford, Yorkshire",Right hand Bat,Right arm Medium,Wicketkeeper
23cca426,820691,OF Smith,Odean Fabian Smith,"November 01, 1996, St. Elizabeth, Jamaica",Right hand Bat,Right arm Fast medium, 
249d60c9,244497,AU Rashid,Adil Usman Rashid,"February 17, 1988, Bradford, Yorkshire",Right hand Bat,Legbreak, 
d2c2b2d5,35320,SR Tendulkar,Sachin Ramesh Tendulkar,"April 24, 1973, Bombay (now Mumbai), Maharashtra",Right hand Bat,"Right arm Offbreak, Legbreak Googly", 
2c76b512,528985,DJ Muthuswami,Domnic Joseph Muthuswami,"March 09, 1981, Pune, Maharashtra",Right hand Bat,Right arm Medium, 
4d7f517e,530812,AJ Hosein,Akeal Jerome Hosein,"April 25, 1993, Port-of-Spain",Left hand Bat,Slow Left arm Orthodox, 
5b7ab5a9,1108375,CV Varun,Varun Chakravarthy Vinod,"August 29, 1991, Bidar, Karnataka",Right hand Bat,Legbreak Googly, 
e86754b2,550235,TK Curran,Thomas Kevin Curran,"March 12, 1995, Cape Town, Cape Province",Right hand Bat,Right arm Fast medium, 
2c25d4f5,1119026,D Padikkal,Devdutt Padikkal,"July 07, 2000, Edapal, Kerala",Left hand Bat,Right arm Offbreak, 
e342e5fb,457249,CR Brathwaite,Carlos Ricardo Brathwaite,"July 18, 1988, Barbados",Right hand Bat,Right arm Fast medium, 
a818c1be,277912,TA Boult,Trent Alexander Boult,"July 22, 1989, Rotorua",Right hand Bat,Left arm Fast medium, 
69be866a,376324,Anureet Singh,Kathuria Anureet Singh,"March 02, 1988, Delhi",Right hand Bat,Right arm Medium, 
5d2eea49,1122918,Kartik Tyagi,Kartik Tyagi,"November 08, 2000, Hapur, Uttar Pradesh",Right hand Bat,Right arm Fast, 
f18ba07f,1083128,Ankit Soni,Ankit Soni,"August 02, 1993",Right hand Bat,Legbreak, 
7bb62642,26252,Anirudh Singh,Anirudh Singh,"August 02, 1980, Hyderabad, Andhra Pradesh",Left hand Bat,Right arm Medium, 
3a02626a,324444,AG Paunikar,Amit Gajanan Paunikar,"April 18, 1988, Nagpur, Maharashtra, India",Right hand Bat, ,Wicketkeeper
9b4935c8,5236,CJ Ferguson,Callum James Ferguson,"November 21, 1984, North Adelaide, South Australia",Right hand Bat,Right arm Medium, 
12eddf28,5779,RJ Harris,Ryan James Harris,"October 11, 1979, Sydney, New South Wales",Right hand Bat,Right arm Fast, 
c28e9f12,1082859,Tejas Baroka,Tejas Baroka,"February 01, 1996, Pondicherry",Right hand Bat,Legbreak Googly, 
53f27a35,430125,BB Samantray,Biplab Bipin Samantray,"December 14, 1988, Cuttack, Orissa",Right hand Bat,Right arm Medium, 
4329fbb5,8180,SR Watson,Shane Robert Watson,"June 17, 1981, Ipswich, Queensland",Right hand Bat,Right arm Fast medium, 
6c19c6e5,1151278,YBK Jaiswal,Yashasvi Bhupendra Kumar Jaiswal,"December 28, 2001, Suriyawan, Bhadohi, Uttar Pradesh",Left hand Bat,Legbreak, 
fdf7491e,967603,IC Porel,Ishan Chandranath Porel,"September 05, 1998, Hooghly, Bengal",Right hand Bat,Right arm Medium, 
a2870fb7,32240,Niraj Patel,Niraj Kanubhai Patel,"March 26, 1981, Ahmedabad, Gujarat",Left hand Bat, , 
4125d931,527663,J Suchith,Jagadeesha Suchith,"January 16, 1994, Mysore",Left hand Bat,Slow Left arm Orthodox, 
8b9704ae,26236,L Ablish,Love Ablish,"December 03, 1982, Ludhiana, Punjab",Right hand Bat,Right arm Medium fast, 
8cf9814c,481896,Mohammed Shami,Mohammed Shami Ahmed,"September 03, 1990, Amroha, Uttar Pradesh",Right hand Bat,Right arm Fast, 
7d415ea5,7133,RT Ponting,Ricky Thomas Ponting,"December 19, 1974, Launceston, Tasmania",Right hand Bat,Right arm Medium, 
1558d83b,499660,GS Sandhu,Gurinder Singh Sandhu,"June 14, 1993, Blacktown, New South Wales",Left hand Bat,Right arm Fast medium, 
69d03465,326434,AT Carey,Alex Tyson Carey,"August 27, 1991, Loxton, South Australia",Left hand Bat, ,Wicketkeeper
0fa5042b,7502,L Ronchi,Luke Ronchi,"April 23, 1981, Dannevirke, Manawatu, New Zealand",Right hand Bat, ,Wicketkeeper
8abdf100,277662,CJ Anderson,Corey James Anderson,"December 13, 1990, Christchurch, Canterbury",Left hand Bat,Left arm Medium fast, 
85ec8e33,642519,SS Iyer,Shreyas Santosh Iyer,"December 06, 1994, Mumbai",Right hand Bat,"Right arm Offbreak, Legbreak Googly", 
48a1d7b7,670025,SO Hetmyer,Shimron Odilon Hetmyer,"December 26, 1996, Cumberland, Berbice, Guyana",Left hand Bat, , 
fd835ab3,5766,DJ Hussey,David John Hussey,"July 15, 1977, Mt Lawley, Perth, Western Australia",Right hand Bat,Right arm Offbreak, 
7c7d63a2,459508,AJ Tye,Andrew James Tye,"December 12, 1986, Perth, Western Australia",Right hand Bat,Right arm Medium fast, 
235c2bb6,436757,H Klaasen,Heinrich Klaasen,"July 30, 1991, Pretoria, Transvaal",Right hand Bat,Right arm Offbreak,Wicketkeeper
64a4c383,34118,S Sriram,Sridharan Sriram,"February 21, 1976, Madras (now Chennai), Tamil Nadu",Left hand Bat,Slow Left arm Orthodox, 
78eb4223,230553,KAJ Roach,Kemar Andre Jamal Roach,"June 30, 1988, St. Lucy, Barbados",Right hand Bat,Right arm Fast medium, 
b2a79f17,315623,B Laughlin,Ben Laughlin,"October 03, 1982, Box Hill, Victoria",Right hand Bat,Right arm Fast medium, 
c38d3503,1079848,Shivam Mavi,Shivam Pankaj Mavi,"November 26, 1998, Noida, Uttar Pradesh",Right hand Bat,Right arm Fast medium, 
29e95537,277916,AM Rahane,Ajinkya Madhukar Rahane,"June 06, 1988, Ashwi-KD, Maharashtra",Right hand Bat,Right arm Medium, 
53fe6ee4,6285,DS Lehmann,Darren Scott Lehmann,"February 05, 1970, Gawler, South Australia",Left hand Bat,Slow Left arm Orthodox, 
52294a79,1350761,H Sharma,Himanshu Sharma,"June 06, 1998",Right hand Bat,Legbreak, 
45eda7c8,326637,CA Lynn,Christopher Austin Lynn,"April 10, 1990, Brisbane, Queensland",Right hand Bat,Slow Left arm Orthodox, 
87e562a9,51439,DJ Bravo,Dwayne John Bravo,"October 07, 1983, Santa Cruz, Trinidad",Right hand Bat,Right arm Medium, 
26d76ad9,720465,Virat Singh,Virat Binod Singh,"December 08, 1997, East Singhbhum, Bihar",Left hand Bat,Legbreak Googly, 
a24be938,851403,VR Iyer,Venkatesh Rajasekaran Iyer,"December 25, 1994, Indore, Madhya Pradesh",Left hand Bat,Right arm Medium, 
be24ead0,1079470,Ramandeep Singh,Ramandeep Singh,"April 13, 1997, Chandigarh",Right hand Bat,Right arm Medium, 
e186f49c,56007,Mashrafe Mortaza,Mashrafe Bin Mortaza,"October 05, 1983, Norail, Jessore",Right hand Bat,Right arm Fast medium, 
9385de2e,1083851,SS Prabhudessai,Suyash S Prabhudessai,"December 06, 1997",Right hand Bat,Right arm Medium, 
855a210c,333904,AP Tare,Aditya Prakash Tare,"November 07, 1987, Bombay (now Mumbai), Maharashtra",Right hand Bat, ,Wicketkeeper
acd4f5dc,272949,DP Vijaykumar,David Paidikalva Vijaykumar,"October 20, 1986, Paidikalva, Andhra Pradesh",Right hand Bat,Right arm Medium, 
d2a6c0e6,24598,EJG Morgan,Eoin Joseph Gerard Morgan,"September 10, 1986, Dublin",Left hand Bat,Right arm Medium,Occasional Wicketkeeper
addfb70e,8076,SW Tait,Shaun William Tait,"February 22, 1983, Bedford Park, Adelaide, South Australia",Right hand Bat,Right arm Fast, 
fb24e76c,694209,Monu Kumar,Monu Kumar Singh,"November 05, 1994, Ranchi, Bihar",Right hand Bat,Right arm Medium, 
9ff100a6,28792,RS Gavaskar,Rohan Sunil Gavaskar,"February 20, 1976, Kanpur, Uttar Pradesh",Left hand Bat,Slow Left arm Orthodox, 
99b75528,308967,JC Buttler,Joseph Charles Buttler,"September 08, 1990, Taunton, Somerset",Right hand Bat, ,Wicketkeeper
9868bc75,49700,BMAJ Mendis,Balapuwaduge Manukulasuriya Amith Jeevan Mendis,"January 15, 1983, Colombo",Left hand Bat,Legbreak, 
c16d4035,297628,SW Billings,Samuel William Billings,"June 15, 1991, Pembury, Kent",Right hand Bat, ,Wicketkeeper
